primary_accession	country	geo_loc	collection_year	host 	pubmed	comment
DQ275596	Puerto Rico	-	1997	small Indian mongoose	-	Curation is part of the VGTK project, Curator: VGTK rabies team, SBOHVM and MRC-University of Glasgow Centre for Virus Research 
DQ275585	Puerto Rico	-	1997	small Indian mongoose	-	Curation is part of the VGTK project, Curator: VGTK rabies team, SBOHVM and MRC-University of Glasgow Centre for Virus Research 
DQ275595	Puerto Rico	-	1997	small Indian mongoose	-	Curation is part of the VGTK project, Curator: VGTK rabies team, SBOHVM and MRC-University of Glasgow Centre for Virus Research 
DQ275594	Puerto Rico	-	1997	small Indian mongoose	-	Curation is part of the VGTK project, Curator: VGTK rabies team, SBOHVM and MRC-University of Glasgow Centre for Virus Research 
DQ275593	Puerto Rico	-	1997	small Indian mongoose	-	Curation is part of the VGTK project, Curator: VGTK rabies team, SBOHVM and MRC-University of Glasgow Centre for Virus Research 
DQ275592	Puerto Rico	-	1997	small Indian mongoose	-	Curation is part of the VGTK project, Curator: VGTK rabies team, SBOHVM and MRC-University of Glasgow Centre for Virus Research 
DQ275591	Puerto Rico	-	1997	small Indian mongoose	-	Curation is part of the VGTK project, Curator: VGTK rabies team, SBOHVM and MRC-University of Glasgow Centre for Virus Research 
DQ275590	Puerto Rico	-	1997	small Indian mongoose	-	Curation is part of the VGTK project, Curator: VGTK rabies team, SBOHVM and MRC-University of Glasgow Centre for Virus Research 
DQ275589	Puerto Rico	-	1997	small Indian mongoose	-	Curation is part of the VGTK project, Curator: VGTK rabies team, SBOHVM and MRC-University of Glasgow Centre for Virus Research 
DQ275588	Puerto Rico	-	1997	small Indian mongoose	-	Curation is part of the VGTK project, Curator: VGTK rabies team, SBOHVM and MRC-University of Glasgow Centre for Virus Research 
DQ275587	Puerto Rico	-	1997	small Indian mongoose	-	Curation is part of the VGTK project, Curator: VGTK rabies team, SBOHVM and MRC-University of Glasgow Centre for Virus Research 
DQ275586	Puerto Rico	-	1997	small Indian mongoose	-	Curation is part of the VGTK project, Curator: VGTK rabies team, SBOHVM and MRC-University of Glasgow Centre for Virus Research 
DQ275584	Puerto Rico	-	1997	small Indian mongoose	-	Curation is part of the VGTK project, Curator: VGTK rabies team, SBOHVM and MRC-University of Glasgow Centre for Virus Research 
DQ275576	Puerto Rico	-	1997	small Indian mongoose	-	Curation is part of the VGTK project, Curator: VGTK rabies team, SBOHVM and MRC-University of Glasgow Centre for Virus Research 
DQ275574	Puerto Rico	-	1997	small Indian mongoose	-	Curation is part of the VGTK project, Curator: VGTK rabies team, SBOHVM and MRC-University of Glasgow Centre for Virus Research 
DQ275573	Puerto Rico	-	1997	small Indian mongoose	-	Curation is part of the VGTK project, Curator: VGTK rabies team, SBOHVM and MRC-University of Glasgow Centre for Virus Research 
DQ275572	Puerto Rico	-	1997	small Indian mongoose	-	Curation is part of the VGTK project, Curator: VGTK rabies team, SBOHVM and MRC-University of Glasgow Centre for Virus Research 
DQ275571	Puerto Rico	-	1997	small Indian mongoose	-	Curation is part of the VGTK project, Curator: VGTK rabies team, SBOHVM and MRC-University of Glasgow Centre for Virus Research 
DQ275570	Puerto Rico	-	1997	small Indian mongoose	-	Curation is part of the VGTK project, Curator: VGTK rabies team, SBOHVM and MRC-University of Glasgow Centre for Virus Research 
DQ275569	Puerto Rico	-	1997	small Indian mongoose	-	Curation is part of the VGTK project, Curator: VGTK rabies team, SBOHVM and MRC-University of Glasgow Centre for Virus Research 
DQ275568	Puerto Rico	-	1996	small Indian mongoose	-	Curation is part of the VGTK project, Curator: VGTK rabies team, SBOHVM and MRC-University of Glasgow Centre for Virus Research 
DQ275567	Puerto Rico	-	1996	small Indian mongoose	-	Curation is part of the VGTK project, Curator: VGTK rabies team, SBOHVM and MRC-University of Glasgow Centre for Virus Research 
DQ275566	Puerto Rico	-	1996	small Indian mongoose	-	Curation is part of the VGTK project, Curator: VGTK rabies team, SBOHVM and MRC-University of Glasgow Centre for Virus Research 
DQ275565	Puerto Rico	-	1996	small Indian mongoose	-	Curation is part of the VGTK project, Curator: VGTK rabies team, SBOHVM and MRC-University of Glasgow Centre for Virus Research 
DQ275564	Puerto Rico	-	1996	small Indian mongoose	-	Curation is part of the VGTK project, Curator: VGTK rabies team, SBOHVM and MRC-University of Glasgow Centre for Virus Research 
DQ275563	Puerto Rico	-	1996	small Indian mongoose	-	Curation is part of the VGTK project, Curator: VGTK rabies team, SBOHVM and MRC-University of Glasgow Centre for Virus Research 
KM067274	Grenada	-	-	small Indian mongoose	-	Curation is part of the VGTK project, Curator: VGTK rabies team, SBOHVM and MRC-University of Glasgow Centre for Virus Research 
KJ957452	Grenada	-	-	small Indian mongoose	-	Curation is part of the VGTK project, Curator: VGTK rabies team, SBOHVM and MRC-University of Glasgow Centre for Virus Research 
KJ957451	Grenada	-	-	small Indian mongoose	-	Curation is part of the VGTK project, Curator: VGTK rabies team, SBOHVM and MRC-University of Glasgow Centre for Virus Research 
KJ957450	Grenada	-	-	small Indian mongoose	-	Curation is part of the VGTK project, Curator: VGTK rabies team, SBOHVM and MRC-University of Glasgow Centre for Virus Research 
KJ957449	Grenada	-	-	small Indian mongoose	-	Curation is part of the VGTK project, Curator: VGTK rabies team, SBOHVM and MRC-University of Glasgow Centre for Virus Research 
KJ957445	Grenada	-	-	small Indian mongoose	-	Curation is part of the VGTK project, Curator: VGTK rabies team, SBOHVM and MRC-University of Glasgow Centre for Virus Research 
KJ957444	Grenada	-	-	small Indian mongoose	-	Curation is part of the VGTK project, Curator: VGTK rabies team, SBOHVM and MRC-University of Glasgow Centre for Virus Research 
KJ957443	Grenada	-	-	small Indian mongoose	-	Curation is part of the VGTK project, Curator: VGTK rabies team, SBOHVM and MRC-University of Glasgow Centre for Virus Research 
KJ957442	Grenada	-	-	small Indian mongoose	-	Curation is part of the VGTK project, Curator: VGTK rabies team, SBOHVM and MRC-University of Glasgow Centre for Virus Research 
KJ957441	Grenada	-	-	small Indian mongoose	-	Curation is part of the VGTK project, Curator: VGTK rabies team, SBOHVM and MRC-University of Glasgow Centre for Virus Research 
KJ957440	Grenada	-	-	small Indian mongoose	-	Curation is part of the VGTK project, Curator: VGTK rabies team, SBOHVM and MRC-University of Glasgow Centre for Virus Research 
KJ957438	Grenada	-	-	small Indian mongoose	-	Curation is part of the VGTK project, Curator: VGTK rabies team, SBOHVM and MRC-University of Glasgow Centre for Virus Research 
KJ957437	Grenada	-	-	small Indian mongoose	-	Curation is part of the VGTK project, Curator: VGTK rabies team, SBOHVM and MRC-University of Glasgow Centre for Virus Research 
AY854576	Cuba	-	2000	small Indian mongoose	-	Curation is part of the VGTK project, Curator: VGTK rabies team, SBOHVM and MRC-University of Glasgow Centre for Virus Research 
AY854573	Cuba	-	2001	small Indian mongoose	-	Curation is part of the VGTK project, Curator: VGTK rabies team, SBOHVM and MRC-University of Glasgow Centre for Virus Research 
AY854567	Cuba	-	2000	small Indian mongoose	-	Curation is part of the VGTK project, Curator: VGTK rabies team, SBOHVM and MRC-University of Glasgow Centre for Virus Research 
AY854558	Cuba	-	2002	small Indian mongoose	-	Curation is part of the VGTK project, Curator: VGTK rabies team, SBOHVM and MRC-University of Glasgow Centre for Virus Research 
AY854546	Cuba	-	2002	small Indian mongoose	-	Curation is part of the VGTK project, Curator: VGTK rabies team, SBOHVM and MRC-University of Glasgow Centre for Virus Research 
AY854544	Cuba	-	2000	small Indian mongoose	-	Curation is part of the VGTK project, Curator: VGTK rabies team, SBOHVM and MRC-University of Glasgow Centre for Virus Research 
AY854531	Cuba	-	2002	small Indian mongoose	-	Curation is part of the VGTK project, Curator: VGTK rabies team, SBOHVM and MRC-University of Glasgow Centre for Virus Research 
AY854525	Cuba	-	2001	small Indian mongoose	-	Curation is part of the VGTK project, Curator: VGTK rabies team, SBOHVM and MRC-University of Glasgow Centre for Virus Research 
AY854505	Cuba	-	2001	small Indian mongoose	-	Curation is part of the VGTK project, Curator: VGTK rabies team, SBOHVM and MRC-University of Glasgow Centre for Virus Research 
AY854570	Cuba	-	2002	small Indian mongoose	-	Curation is part of the VGTK project, Curator: VGTK rabies team, SBOHVM and MRC-University of Glasgow Centre for Virus Research 
AY854568	Cuba	-	2000	small Indian mongoose	-	Curation is part of the VGTK project, Curator: VGTK rabies team, SBOHVM and MRC-University of Glasgow Centre for Virus Research 
AY854555	Cuba	-	2002	small Indian mongoose	-	Curation is part of the VGTK project, Curator: VGTK rabies team, SBOHVM and MRC-University of Glasgow Centre for Virus Research 
AY854543	Cuba	-	2000	small Indian mongoose	-	Curation is part of the VGTK project, Curator: VGTK rabies team, SBOHVM and MRC-University of Glasgow Centre for Virus Research 
AY854539	Cuba	-	2000	small Indian mongoose	-	Curation is part of the VGTK project, Curator: VGTK rabies team, SBOHVM and MRC-University of Glasgow Centre for Virus Research 
AY854538	Cuba	-	2001	small Indian mongoose	-	Curation is part of the VGTK project, Curator: VGTK rabies team, SBOHVM and MRC-University of Glasgow Centre for Virus Research 
AY854535	Cuba	-	2000	small Indian mongoose	-	Curation is part of the VGTK project, Curator: VGTK rabies team, SBOHVM and MRC-University of Glasgow Centre for Virus Research 
AY854533	Cuba	-	2002	small Indian mongoose	-	Curation is part of the VGTK project, Curator: VGTK rabies team, SBOHVM and MRC-University of Glasgow Centre for Virus Research 
AY854518	Cuba	-	2001	small Indian mongoose	-	Curation is part of the VGTK project, Curator: VGTK rabies team, SBOHVM and MRC-University of Glasgow Centre for Virus Research 
AY854513	Cuba	-	2001	small Indian mongoose	-	Curation is part of the VGTK project, Curator: VGTK rabies team, SBOHVM and MRC-University of Glasgow Centre for Virus Research 
AY854509	Cuba	-	2000	small Indian mongoose	-	Curation is part of the VGTK project, Curator: VGTK rabies team, SBOHVM and MRC-University of Glasgow Centre for Virus Research 
AY854508	Cuba	-	2000	small Indian mongoose	-	Curation is part of the VGTK project, Curator: VGTK rabies team, SBOHVM and MRC-University of Glasgow Centre for Virus Research 
AY854502	Cuba	-	2000	small Indian mongoose	-	Curation is part of the VGTK project, Curator: VGTK rabies team, SBOHVM and MRC-University of Glasgow Centre for Virus Research 
EU086198	Nepal	-	1998	small Indian mongoose	-	Curation is part of the VGTK project, Curator: VGTK rabies team, SBOHVM and MRC-University of Glasgow Centre for Virus Research 
KP881360	Taiwan	-	-	Melogale moschata subaurantiaca	-	Curation is part of the VGTK project, Curator: VGTK rabies team, SBOHVM and MRC-University of Glasgow Centre for Virus Research 
KP881359	Taiwan	-	-	Melogale moschata subaurantiaca	-	Curation is part of the VGTK project, Curator: VGTK rabies team, SBOHVM and MRC-University of Glasgow Centre for Virus Research 
KP881358	Taiwan	-	-	Melogale moschata subaurantiaca	-	Curation is part of the VGTK project, Curator: VGTK rabies team, SBOHVM and MRC-University of Glasgow Centre for Virus Research 
KP881357	Taiwan	-	-	Melogale moschata subaurantiaca	-	Curation is part of the VGTK project, Curator: VGTK rabies team, SBOHVM and MRC-University of Glasgow Centre for Virus Research 
KP881356	Taiwan	-	-	Melogale moschata subaurantiaca	-	Curation is part of the VGTK project, Curator: VGTK rabies team, SBOHVM and MRC-University of Glasgow Centre for Virus Research 
KP881355	Taiwan	-	-	Melogale moschata subaurantiaca	-	Curation is part of the VGTK project, Curator: VGTK rabies team, SBOHVM and MRC-University of Glasgow Centre for Virus Research 
KP881354	Taiwan	-	-	Melogale moschata subaurantiaca	-	Curation is part of the VGTK project, Curator: VGTK rabies team, SBOHVM and MRC-University of Glasgow Centre for Virus Research 
KP881353	Taiwan	-	-	Melogale moschata subaurantiaca	-	Curation is part of the VGTK project, Curator: VGTK rabies team, SBOHVM and MRC-University of Glasgow Centre for Virus Research 
KP860234	Taiwan	-	-	Melogale moschata subaurantiaca	-	Curation is part of the VGTK project, Curator: VGTK rabies team, SBOHVM and MRC-University of Glasgow Centre for Virus Research 
KP860233	Taiwan	-	-	Melogale moschata subaurantiaca	-	Curation is part of the VGTK project, Curator: VGTK rabies team, SBOHVM and MRC-University of Glasgow Centre for Virus Research 
KP860232	Taiwan	-	-	Melogale moschata subaurantiaca	-	Curation is part of the VGTK project, Curator: VGTK rabies team, SBOHVM and MRC-University of Glasgow Centre for Virus Research 
KP860231	Taiwan	-	-	Melogale moschata subaurantiaca	-	Curation is part of the VGTK project, Curator: VGTK rabies team, SBOHVM and MRC-University of Glasgow Centre for Virus Research 
KP860230	Taiwan	-	-	Melogale moschata subaurantiaca	-	Curation is part of the VGTK project, Curator: VGTK rabies team, SBOHVM and MRC-University of Glasgow Centre for Virus Research 
KP860229	Taiwan	-	-	Melogale moschata subaurantiaca	-	Curation is part of the VGTK project, Curator: VGTK rabies team, SBOHVM and MRC-University of Glasgow Centre for Virus Research 
KP860228	Taiwan	-	-	Melogale moschata subaurantiaca	-	Curation is part of the VGTK project, Curator: VGTK rabies team, SBOHVM and MRC-University of Glasgow Centre for Virus Research 
KP860227	Taiwan	-	-	Melogale moschata subaurantiaca	-	Curation is part of the VGTK project, Curator: VGTK rabies team, SBOHVM and MRC-University of Glasgow Centre for Virus Research 
KP860226	Taiwan	-	-	Melogale moschata subaurantiaca	-	Curation is part of the VGTK project, Curator: VGTK rabies team, SBOHVM and MRC-University of Glasgow Centre for Virus Research 
KP860225	Taiwan	-	-	Melogale moschata subaurantiaca	-	Curation is part of the VGTK project, Curator: VGTK rabies team, SBOHVM and MRC-University of Glasgow Centre for Virus Research 
KP860224	Taiwan	-	-	Melogale moschata subaurantiaca	-	Curation is part of the VGTK project, Curator: VGTK rabies team, SBOHVM and MRC-University of Glasgow Centre for Virus Research 
KP860223	Taiwan	-	-	Melogale moschata subaurantiaca	-	Curation is part of the VGTK project, Curator: VGTK rabies team, SBOHVM and MRC-University of Glasgow Centre for Virus Research 
KP860222	Taiwan	-	-	Melogale moschata subaurantiaca	-	Curation is part of the VGTK project, Curator: VGTK rabies team, SBOHVM and MRC-University of Glasgow Centre for Virus Research 
KP860221	Taiwan	-	-	Melogale moschata subaurantiaca	-	Curation is part of the VGTK project, Curator: VGTK rabies team, SBOHVM and MRC-University of Glasgow Centre for Virus Research 
KP860220	Taiwan	-	-	Melogale moschata subaurantiaca	-	Curation is part of the VGTK project, Curator: VGTK rabies team, SBOHVM and MRC-University of Glasgow Centre for Virus Research 
KP860219	Taiwan	-	-	Melogale moschata subaurantiaca	-	Curation is part of the VGTK project, Curator: VGTK rabies team, SBOHVM and MRC-University of Glasgow Centre for Virus Research 
KP860218	Taiwan	-	-	Melogale moschata subaurantiaca	-	Curation is part of the VGTK project, Curator: VGTK rabies team, SBOHVM and MRC-University of Glasgow Centre for Virus Research 
KP860217	Taiwan	-	-	Melogale moschata subaurantiaca	-	Curation is part of the VGTK project, Curator: VGTK rabies team, SBOHVM and MRC-University of Glasgow Centre for Virus Research 
KP860216	Taiwan	-	-	Melogale moschata subaurantiaca	-	Curation is part of the VGTK project, Curator: VGTK rabies team, SBOHVM and MRC-University of Glasgow Centre for Virus Research 
KP860215	Taiwan	-	-	Melogale moschata subaurantiaca	-	Curation is part of the VGTK project, Curator: VGTK rabies team, SBOHVM and MRC-University of Glasgow Centre for Virus Research 
KP860214	Taiwan	-	-	Melogale moschata subaurantiaca	-	Curation is part of the VGTK project, Curator: VGTK rabies team, SBOHVM and MRC-University of Glasgow Centre for Virus Research 
KP860213	Taiwan	-	-	Melogale moschata subaurantiaca	-	Curation is part of the VGTK project, Curator: VGTK rabies team, SBOHVM and MRC-University of Glasgow Centre for Virus Research 
KP860212	Taiwan	-	-	Melogale moschata subaurantiaca	-	Curation is part of the VGTK project, Curator: VGTK rabies team, SBOHVM and MRC-University of Glasgow Centre for Virus Research 
KP860211	Taiwan	-	-	Melogale moschata subaurantiaca	-	Curation is part of the VGTK project, Curator: VGTK rabies team, SBOHVM and MRC-University of Glasgow Centre for Virus Research 
KP860210	Taiwan	-	-	Melogale moschata subaurantiaca	-	Curation is part of the VGTK project, Curator: VGTK rabies team, SBOHVM and MRC-University of Glasgow Centre for Virus Research 
KP860209	Taiwan	-	-	Melogale moschata subaurantiaca	-	Curation is part of the VGTK project, Curator: VGTK rabies team, SBOHVM and MRC-University of Glasgow Centre for Virus Research 
KP860208	Taiwan	-	-	Melogale moschata subaurantiaca	-	Curation is part of the VGTK project, Curator: VGTK rabies team, SBOHVM and MRC-University of Glasgow Centre for Virus Research 
KP860207	Taiwan	-	-	Melogale moschata subaurantiaca	-	Curation is part of the VGTK project, Curator: VGTK rabies team, SBOHVM and MRC-University of Glasgow Centre for Virus Research 
KP860206	Taiwan	-	-	Melogale moschata subaurantiaca	-	Curation is part of the VGTK project, Curator: VGTK rabies team, SBOHVM and MRC-University of Glasgow Centre for Virus Research 
KP860205	Taiwan	-	-	Melogale moschata subaurantiaca	-	Curation is part of the VGTK project, Curator: VGTK rabies team, SBOHVM and MRC-University of Glasgow Centre for Virus Research 
KP860204	Taiwan	-	-	Melogale moschata subaurantiaca	-	Curation is part of the VGTK project, Curator: VGTK rabies team, SBOHVM and MRC-University of Glasgow Centre for Virus Research 
KP860203	Taiwan	-	-	Melogale moschata subaurantiaca	-	Curation is part of the VGTK project, Curator: VGTK rabies team, SBOHVM and MRC-University of Glasgow Centre for Virus Research 
KP860202	Taiwan	-	-	Melogale moschata subaurantiaca	-	Curation is part of the VGTK project, Curator: VGTK rabies team, SBOHVM and MRC-University of Glasgow Centre for Virus Research 
KP860201	Taiwan	-	-	Melogale moschata subaurantiaca	-	Curation is part of the VGTK project, Curator: VGTK rabies team, SBOHVM and MRC-University of Glasgow Centre for Virus Research 
KP860200	Taiwan	-	-	Melogale moschata subaurantiaca	-	Curation is part of the VGTK project, Curator: VGTK rabies team, SBOHVM and MRC-University of Glasgow Centre for Virus Research 
KP860199	Taiwan	-	-	Melogale moschata subaurantiaca	-	Curation is part of the VGTK project, Curator: VGTK rabies team, SBOHVM and MRC-University of Glasgow Centre for Virus Research 
KP860198	Taiwan	-	-	Melogale moschata subaurantiaca	-	Curation is part of the VGTK project, Curator: VGTK rabies team, SBOHVM and MRC-University of Glasgow Centre for Virus Research 
KP860197	Taiwan	-	-	Melogale moschata subaurantiaca	-	Curation is part of the VGTK project, Curator: VGTK rabies team, SBOHVM and MRC-University of Glasgow Centre for Virus Research 
KP860196	Taiwan	-	-	Melogale moschata subaurantiaca	-	Curation is part of the VGTK project, Curator: VGTK rabies team, SBOHVM and MRC-University of Glasgow Centre for Virus Research 
KP860195	Taiwan	-	-	Melogale moschata subaurantiaca	-	Curation is part of the VGTK project, Curator: VGTK rabies team, SBOHVM and MRC-University of Glasgow Centre for Virus Research 
KP860194	Taiwan	-	-	Melogale moschata subaurantiaca	-	Curation is part of the VGTK project, Curator: VGTK rabies team, SBOHVM and MRC-University of Glasgow Centre for Virus Research 
KP860193	Taiwan	-	-	Melogale moschata subaurantiaca	-	Curation is part of the VGTK project, Curator: VGTK rabies team, SBOHVM and MRC-University of Glasgow Centre for Virus Research 
KP860192	Taiwan	-	-	Melogale moschata subaurantiaca	-	Curation is part of the VGTK project, Curator: VGTK rabies team, SBOHVM and MRC-University of Glasgow Centre for Virus Research 
KP860191	Taiwan	-	-	Melogale moschata subaurantiaca	-	Curation is part of the VGTK project, Curator: VGTK rabies team, SBOHVM and MRC-University of Glasgow Centre for Virus Research 
KP860190	Taiwan	-	-	Melogale moschata subaurantiaca	-	Curation is part of the VGTK project, Curator: VGTK rabies team, SBOHVM and MRC-University of Glasgow Centre for Virus Research 
KP860189	Taiwan	-	-	Melogale moschata subaurantiaca	-	Curation is part of the VGTK project, Curator: VGTK rabies team, SBOHVM and MRC-University of Glasgow Centre for Virus Research 
KP860188	Taiwan	-	-	Melogale moschata subaurantiaca	-	Curation is part of the VGTK project, Curator: VGTK rabies team, SBOHVM and MRC-University of Glasgow Centre for Virus Research 
KP860187	Taiwan	-	-	Melogale moschata subaurantiaca	-	Curation is part of the VGTK project, Curator: VGTK rabies team, SBOHVM and MRC-University of Glasgow Centre for Virus Research 
KP860186	Taiwan	-	-	Melogale moschata subaurantiaca	-	Curation is part of the VGTK project, Curator: VGTK rabies team, SBOHVM and MRC-University of Glasgow Centre for Virus Research 
KP860185	Taiwan	-	-	Melogale moschata subaurantiaca	-	Curation is part of the VGTK project, Curator: VGTK rabies team, SBOHVM and MRC-University of Glasgow Centre for Virus Research 
KP860184	Taiwan	-	-	Melogale moschata subaurantiaca	-	Curation is part of the VGTK project, Curator: VGTK rabies team, SBOHVM and MRC-University of Glasgow Centre for Virus Research 
KP860183	Taiwan	-	-	Melogale moschata subaurantiaca	-	Curation is part of the VGTK project, Curator: VGTK rabies team, SBOHVM and MRC-University of Glasgow Centre for Virus Research 
KP860182	Taiwan	-	-	Melogale moschata subaurantiaca	-	Curation is part of the VGTK project, Curator: VGTK rabies team, SBOHVM and MRC-University of Glasgow Centre for Virus Research 
KP860181	Taiwan	-	-	Melogale moschata subaurantiaca	-	Curation is part of the VGTK project, Curator: VGTK rabies team, SBOHVM and MRC-University of Glasgow Centre for Virus Research 
KP860180	Taiwan	-	-	Melogale moschata subaurantiaca	-	Curation is part of the VGTK project, Curator: VGTK rabies team, SBOHVM and MRC-University of Glasgow Centre for Virus Research 
KP860179	Taiwan	-	-	Melogale moschata subaurantiaca	-	Curation is part of the VGTK project, Curator: VGTK rabies team, SBOHVM and MRC-University of Glasgow Centre for Virus Research 
KP860178	Taiwan	-	-	Melogale moschata subaurantiaca	-	Curation is part of the VGTK project, Curator: VGTK rabies team, SBOHVM and MRC-University of Glasgow Centre for Virus Research 
KP860177	Taiwan	-	-	Melogale moschata subaurantiaca	-	Curation is part of the VGTK project, Curator: VGTK rabies team, SBOHVM and MRC-University of Glasgow Centre for Virus Research 
KP860176	Taiwan	-	-	Melogale moschata subaurantiaca	-	Curation is part of the VGTK project, Curator: VGTK rabies team, SBOHVM and MRC-University of Glasgow Centre for Virus Research 
KP860175	Taiwan	-	-	Melogale moschata subaurantiaca	-	Curation is part of the VGTK project, Curator: VGTK rabies team, SBOHVM and MRC-University of Glasgow Centre for Virus Research 
KP860174	Taiwan	-	-	Melogale moschata subaurantiaca	-	Curation is part of the VGTK project, Curator: VGTK rabies team, SBOHVM and MRC-University of Glasgow Centre for Virus Research 
KP860173	Taiwan	-	-	Melogale moschata subaurantiaca	-	Curation is part of the VGTK project, Curator: VGTK rabies team, SBOHVM and MRC-University of Glasgow Centre for Virus Research 
KP860172	Taiwan	-	-	Melogale moschata subaurantiaca	-	Curation is part of the VGTK project, Curator: VGTK rabies team, SBOHVM and MRC-University of Glasgow Centre for Virus Research 
KP860171	Taiwan	-	-	Melogale moschata subaurantiaca	-	Curation is part of the VGTK project, Curator: VGTK rabies team, SBOHVM and MRC-University of Glasgow Centre for Virus Research 
KP860170	Taiwan	-	-	Melogale moschata subaurantiaca	-	Curation is part of the VGTK project, Curator: VGTK rabies team, SBOHVM and MRC-University of Glasgow Centre for Virus Research 
KP860169	Taiwan	-	-	Melogale moschata subaurantiaca	-	Curation is part of the VGTK project, Curator: VGTK rabies team, SBOHVM and MRC-University of Glasgow Centre for Virus Research 
KP860168	Taiwan	-	-	Melogale moschata subaurantiaca	-	Curation is part of the VGTK project, Curator: VGTK rabies team, SBOHVM and MRC-University of Glasgow Centre for Virus Research 
KP860167	Taiwan	-	-	Melogale moschata subaurantiaca	-	Curation is part of the VGTK project, Curator: VGTK rabies team, SBOHVM and MRC-University of Glasgow Centre for Virus Research 
KP860166	Taiwan	-	-	Melogale moschata subaurantiaca	-	Curation is part of the VGTK project, Curator: VGTK rabies team, SBOHVM and MRC-University of Glasgow Centre for Virus Research 
KP860165	Taiwan	-	-	Melogale moschata subaurantiaca	-	Curation is part of the VGTK project, Curator: VGTK rabies team, SBOHVM and MRC-University of Glasgow Centre for Virus Research 
KP860164	Taiwan	-	-	Melogale moschata subaurantiaca	-	Curation is part of the VGTK project, Curator: VGTK rabies team, SBOHVM and MRC-University of Glasgow Centre for Virus Research 
KP860163	Taiwan	-	-	Melogale moschata subaurantiaca	-	Curation is part of the VGTK project, Curator: VGTK rabies team, SBOHVM and MRC-University of Glasgow Centre for Virus Research 
KP860162	Taiwan	-	-	Melogale moschata subaurantiaca	-	Curation is part of the VGTK project, Curator: VGTK rabies team, SBOHVM and MRC-University of Glasgow Centre for Virus Research 
KP860161	Taiwan	-	-	Melogale moschata subaurantiaca	-	Curation is part of the VGTK project, Curator: VGTK rabies team, SBOHVM and MRC-University of Glasgow Centre for Virus Research 
KP860160	Taiwan	-	-	Melogale moschata subaurantiaca	-	Curation is part of the VGTK project, Curator: VGTK rabies team, SBOHVM and MRC-University of Glasgow Centre for Virus Research 
KP860159	Taiwan	-	-	Melogale moschata subaurantiaca	-	Curation is part of the VGTK project, Curator: VGTK rabies team, SBOHVM and MRC-University of Glasgow Centre for Virus Research 
KP860158	Taiwan	-	-	Melogale moschata subaurantiaca	-	Curation is part of the VGTK project, Curator: VGTK rabies team, SBOHVM and MRC-University of Glasgow Centre for Virus Research 
KP860157	Taiwan	-	-	Melogale moschata subaurantiaca	-	Curation is part of the VGTK project, Curator: VGTK rabies team, SBOHVM and MRC-University of Glasgow Centre for Virus Research 
KP860156	Taiwan	-	-	Melogale moschata subaurantiaca	-	Curation is part of the VGTK project, Curator: VGTK rabies team, SBOHVM and MRC-University of Glasgow Centre for Virus Research 
KP860155	Taiwan	-	-	Melogale moschata subaurantiaca	-	Curation is part of the VGTK project, Curator: VGTK rabies team, SBOHVM and MRC-University of Glasgow Centre for Virus Research 
KP860154	Taiwan	-	-	Melogale moschata subaurantiaca	-	Curation is part of the VGTK project, Curator: VGTK rabies team, SBOHVM and MRC-University of Glasgow Centre for Virus Research 
KP860153	Taiwan	-	-	Melogale moschata subaurantiaca	-	Curation is part of the VGTK project, Curator: VGTK rabies team, SBOHVM and MRC-University of Glasgow Centre for Virus Research 
KP860152	Taiwan	-	-	Melogale moschata subaurantiaca	-	Curation is part of the VGTK project, Curator: VGTK rabies team, SBOHVM and MRC-University of Glasgow Centre for Virus Research 
KP860151	Taiwan	-	-	Melogale moschata subaurantiaca	-	Curation is part of the VGTK project, Curator: VGTK rabies team, SBOHVM and MRC-University of Glasgow Centre for Virus Research 
KP860150	Taiwan	-	-	Melogale moschata subaurantiaca	-	Curation is part of the VGTK project, Curator: VGTK rabies team, SBOHVM and MRC-University of Glasgow Centre for Virus Research 
KP860149	Taiwan	-	-	Melogale moschata subaurantiaca	-	Curation is part of the VGTK project, Curator: VGTK rabies team, SBOHVM and MRC-University of Glasgow Centre for Virus Research 
KP860148	Taiwan	-	-	Melogale moschata subaurantiaca	-	Curation is part of the VGTK project, Curator: VGTK rabies team, SBOHVM and MRC-University of Glasgow Centre for Virus Research 
KP860147	Taiwan	-	-	Melogale moschata subaurantiaca	-	Curation is part of the VGTK project, Curator: VGTK rabies team, SBOHVM and MRC-University of Glasgow Centre for Virus Research 
KP860146	Taiwan	-	-	Melogale moschata subaurantiaca	-	Curation is part of the VGTK project, Curator: VGTK rabies team, SBOHVM and MRC-University of Glasgow Centre for Virus Research 
KP860145	Taiwan	-	-	Melogale moschata subaurantiaca	-	Curation is part of the VGTK project, Curator: VGTK rabies team, SBOHVM and MRC-University of Glasgow Centre for Virus Research 
KP860144	Taiwan	-	-	Melogale moschata subaurantiaca	-	Curation is part of the VGTK project, Curator: VGTK rabies team, SBOHVM and MRC-University of Glasgow Centre for Virus Research 
KP860143	Taiwan	-	-	Melogale moschata subaurantiaca	-	Curation is part of the VGTK project, Curator: VGTK rabies team, SBOHVM and MRC-University of Glasgow Centre for Virus Research 
KP860142	Taiwan	-	-	Melogale moschata subaurantiaca	-	Curation is part of the VGTK project, Curator: VGTK rabies team, SBOHVM and MRC-University of Glasgow Centre for Virus Research 
KP860141	Taiwan	-	-	Melogale moschata subaurantiaca	-	Curation is part of the VGTK project, Curator: VGTK rabies team, SBOHVM and MRC-University of Glasgow Centre for Virus Research 
KP860140	Taiwan	-	-	Melogale moschata subaurantiaca	-	Curation is part of the VGTK project, Curator: VGTK rabies team, SBOHVM and MRC-University of Glasgow Centre for Virus Research 
KP860139	Taiwan	-	-	Melogale moschata subaurantiaca	-	Curation is part of the VGTK project, Curator: VGTK rabies team, SBOHVM and MRC-University of Glasgow Centre for Virus Research 
KP860138	Taiwan	-	-	Melogale moschata subaurantiaca	-	Curation is part of the VGTK project, Curator: VGTK rabies team, SBOHVM and MRC-University of Glasgow Centre for Virus Research 
KP860137	Taiwan	-	-	Melogale moschata subaurantiaca	-	Curation is part of the VGTK project, Curator: VGTK rabies team, SBOHVM and MRC-University of Glasgow Centre for Virus Research 
KP892528	Taiwan	-	-	Melogale moschata subaurantiaca	-	Curation is part of the VGTK project, Curator: VGTK rabies team, SBOHVM and MRC-University of Glasgow Centre for Virus Research 
KP892527	Taiwan	-	-	Melogale moschata subaurantiaca	-	Curation is part of the VGTK project, Curator: VGTK rabies team, SBOHVM and MRC-University of Glasgow Centre for Virus Research 
KF620489	Taiwan	-	-	Melogale moschata subaurantiaca	-	Curation is part of the VGTK project, Curator: VGTK rabies team, SBOHVM and MRC-University of Glasgow Centre for Virus Research 
KF620488	Taiwan	-	-	Melogale moschata subaurantiaca	-	Curation is part of the VGTK project, Curator: VGTK rabies team, SBOHVM and MRC-University of Glasgow Centre for Virus Research 
KF620487	Taiwan	-	-	Melogale moschata subaurantiaca	-	Curation is part of the VGTK project, Curator: VGTK rabies team, SBOHVM and MRC-University of Glasgow Centre for Virus Research 
JN936788	China	-	-	Melogale moschata	-	Curation is part of the VGTK project, Curator: VGTK rabies team, SBOHVM and MRC-University of Glasgow Centre for Virus Research 
AY854630	Canada	-	-	Procyon lotor	-	Curation is part of the VGTK project, Curator: VGTK rabies team, SBOHVM and MRC-University of Glasgow Centre for Virus Research 
AY854629	Canada	-	-	Procyon lotor	-	Curation is part of the VGTK project, Curator: VGTK rabies team, SBOHVM and MRC-University of Glasgow Centre for Virus Research 
AY854628	Canada	-	-	Procyon lotor	-	Curation is part of the VGTK project, Curator: VGTK rabies team, SBOHVM and MRC-University of Glasgow Centre for Virus Research 
AY854627	Canada	-	-	Procyon lotor	-	Curation is part of the VGTK project, Curator: VGTK rabies team, SBOHVM and MRC-University of Glasgow Centre for Virus Research 
AY854626	Canada	-	-	Procyon lotor	-	Curation is part of the VGTK project, Curator: VGTK rabies team, SBOHVM and MRC-University of Glasgow Centre for Virus Research 
AY854625	Canada	-	-	Procyon lotor	-	Curation is part of the VGTK project, Curator: VGTK rabies team, SBOHVM and MRC-University of Glasgow Centre for Virus Research 
AY854624	Canada	-	-	Procyon lotor	-	Curation is part of the VGTK project, Curator: VGTK rabies team, SBOHVM and MRC-University of Glasgow Centre for Virus Research 
AY854623	Canada	-	-	Procyon lotor	-	Curation is part of the VGTK project, Curator: VGTK rabies team, SBOHVM and MRC-University of Glasgow Centre for Virus Research 
AY854622	Canada	-	-	Procyon lotor	-	Curation is part of the VGTK project, Curator: VGTK rabies team, SBOHVM and MRC-University of Glasgow Centre for Virus Research 
AY854621	Canada	-	-	Procyon lotor	-	Curation is part of the VGTK project, Curator: VGTK rabies team, SBOHVM and MRC-University of Glasgow Centre for Virus Research 
AY854620	Canada	-	-	Procyon lotor	-	Curation is part of the VGTK project, Curator: VGTK rabies team, SBOHVM and MRC-University of Glasgow Centre for Virus Research 
AY854619	Canada	-	-	Procyon lotor	-	Curation is part of the VGTK project, Curator: VGTK rabies team, SBOHVM and MRC-University of Glasgow Centre for Virus Research 
AY854618	Canada	-	-	Procyon lotor	-	Curation is part of the VGTK project, Curator: VGTK rabies team, SBOHVM and MRC-University of Glasgow Centre for Virus Research 
AY854617	Canada	-	-	Procyon lotor	-	Curation is part of the VGTK project, Curator: VGTK rabies team, SBOHVM and MRC-University of Glasgow Centre for Virus Research 
AY854616	Canada	-	-	Procyon lotor	-	Curation is part of the VGTK project, Curator: VGTK rabies team, SBOHVM and MRC-University of Glasgow Centre for Virus Research 
AY854615	Canada	-	-	Procyon lotor	-	Curation is part of the VGTK project, Curator: VGTK rabies team, SBOHVM and MRC-University of Glasgow Centre for Virus Research 
AY854614	Canada	-	-	Procyon lotor	-	Curation is part of the VGTK project, Curator: VGTK rabies team, SBOHVM and MRC-University of Glasgow Centre for Virus Research 
AY854613	Canada	-	-	Procyon lotor	-	Curation is part of the VGTK project, Curator: VGTK rabies team, SBOHVM and MRC-University of Glasgow Centre for Virus Research 
AY854612	Canada	-	-	Procyon lotor	-	Curation is part of the VGTK project, Curator: VGTK rabies team, SBOHVM and MRC-University of Glasgow Centre for Virus Research 
MW055132	USA	-	-	Urocyon cinereoargenteus+F195:G328	33158200	Curation is part of the VGTK project, Curator: VGTK rabies team, SBOHVM and MRC-University of Glasgow Centre for Virus Research 
MW055128	USA	-	-	Urocyon cinereoargenteus	33158200	Curation is part of the VGTK project, Curator: VGTK rabies team, SBOHVM and MRC-University of Glasgow Centre for Virus Research 
MW055095	USA	-	-	Urocyon cinereoargenteus	33158200	Curation is part of the VGTK project, Curator: VGTK rabies team, SBOHVM and MRC-University of Glasgow Centre for Virus Research 
MW055083	USA	-	-	Urocyon cinereoargenteus	33158200	Curation is part of the VGTK project, Curator: VGTK rabies team, SBOHVM and MRC-University of Glasgow Centre for Virus Research 
MW055082	USA	-	-	Urocyon cinereoargenteus	33158200	Curation is part of the VGTK project, Curator: VGTK rabies team, SBOHVM and MRC-University of Glasgow Centre for Virus Research 
JN656531	Ukraine	-	2002	Corsac fox	22661376	Curation is part of the VGTK project, Curator: VGTK rabies team, SBOHVM and MRC-University of Glasgow Centre for Virus Research 
JN656529	Ukraine	-	2002	Corsac fox	22661376	Curation is part of the VGTK project, Curator: VGTK rabies team, SBOHVM and MRC-University of Glasgow Centre for Virus Research 
JN656528	Ukraine	-	2002	Corsac fox	22661376	Curation is part of the VGTK project, Curator: VGTK rabies team, SBOHVM and MRC-University of Glasgow Centre for Virus Research 
JN656524	Ukraine	-	2002	Corsac fox	22661376	Curation is part of the VGTK project, Curator: VGTK rabies team, SBOHVM and MRC-University of Glasgow Centre for Virus Research 
JN656523	Ukraine	-	2002	Corsac fox	22661376	Curation is part of the VGTK project, Curator: VGTK rabies team, SBOHVM and MRC-University of Glasgow Centre for Virus Research 
JN656491	Ukraine	-	2002	Corsac fox	22661376	Curation is part of the VGTK project, Curator: VGTK rabies team, SBOHVM and MRC-University of Glasgow Centre for Virus Research 
JN656476	Ukraine	-	2002	Corsac fox	22661376	Curation is part of the VGTK project, Curator: VGTK rabies team, SBOHVM and MRC-University of Glasgow Centre for Virus Research 
JN656473	Ukraine	-	2002	Corsac fox	22661376	Curation is part of the VGTK project, Curator: VGTK rabies team, SBOHVM and MRC-University of Glasgow Centre for Virus Research 
JN656472	Ukraine	-	2002	Corsac fox	22661376	Curation is part of the VGTK project, Curator: VGTK rabies team, SBOHVM and MRC-University of Glasgow Centre for Virus Research 
JN656471	Ukraine	-	2002	Corsac fox	22661376	Curation is part of the VGTK project, Curator: VGTK rabies team, SBOHVM and MRC-University of Glasgow Centre for Virus Research 
MG869124	Russia	-	2008	red fox	-	Curation is part of the VGTK project, Curator: VGTK rabies team, SBOHVM and MRC-University of Glasgow Centre for Virus Research 
MG869115	Russia	-	2011	red fox	-	Curation is part of the VGTK project, Curator: VGTK rabies team, SBOHVM and MRC-University of Glasgow Centre for Virus Research 
MG869114	Russia	-	2011	red fox	-	Curation is part of the VGTK project, Curator: VGTK rabies team, SBOHVM and MRC-University of Glasgow Centre for Virus Research 
MG869113	Russia	-	2011	red fox	-	Curation is part of the VGTK project, Curator: VGTK rabies team, SBOHVM and MRC-University of Glasgow Centre for Virus Research 
MG869109	Russia	-	2008	red fox	-	Curation is part of the VGTK project, Curator: VGTK rabies team, SBOHVM and MRC-University of Glasgow Centre for Virus Research 
MG869105	Russia	-	2008	red fox	-	Curation is part of the VGTK project, Curator: VGTK rabies team, SBOHVM and MRC-University of Glasgow Centre for Virus Research 
MG996465	Russia	-	2016	red fox	-	Curation is part of the VGTK project, Curator: VGTK rabies team, SBOHVM and MRC-University of Glasgow Centre for Virus Research 
MG996464	Russia	-	2015	red fox	-	Curation is part of the VGTK project, Curator: VGTK rabies team, SBOHVM and MRC-University of Glasgow Centre for Virus Research 
MG996462	Russia	-	2016	red fox	-	Curation is part of the VGTK project, Curator: VGTK rabies team, SBOHVM and MRC-University of Glasgow Centre for Virus Research 
MG996461	Russia	-	2016	red fox	-	Curation is part of the VGTK project, Curator: VGTK rabies team, SBOHVM and MRC-University of Glasgow Centre for Virus Research 
MG996460	Russia	-	2016	red fox	-	Curation is part of the VGTK project, Curator: VGTK rabies team, SBOHVM and MRC-University of Glasgow Centre for Virus Research 
MG996458	Russia	-	2015	red fox	-	Curation is part of the VGTK project, Curator: VGTK rabies team, SBOHVM and MRC-University of Glasgow Centre for Virus Research 
MG996457	Russia	-	2015	red fox	-	Curation is part of the VGTK project, Curator: VGTK rabies team, SBOHVM and MRC-University of Glasgow Centre for Virus Research 
MG996456	Russia	-	2016	red fox	-	Curation is part of the VGTK project, Curator: VGTK rabies team, SBOHVM and MRC-University of Glasgow Centre for Virus Research 
MG996455	Russia	-	2016	red fox	-	Curation is part of the VGTK project, Curator: VGTK rabies team, SBOHVM and MRC-University of Glasgow Centre for Virus Research 
DQ468341	Russia	-	-	red fox	17558542	Curation is part of the VGTK project, Curator: VGTK rabies team, SBOHVM and MRC-University of Glasgow Centre for Virus Research 
DQ468340	Russia	-	-	red fox	17558542	Curation is part of the VGTK project, Curator: VGTK rabies team, SBOHVM and MRC-University of Glasgow Centre for Virus Research 
DQ468335	Russia	-	-	red fox	17558542	Curation is part of the VGTK project, Curator: VGTK rabies team, SBOHVM and MRC-University of Glasgow Centre for Virus Research 
DQ468332	Russia	-	-	red fox	17558542	Curation is part of the VGTK project, Curator: VGTK rabies team, SBOHVM and MRC-University of Glasgow Centre for Virus Research 
DQ468330	Russia	-	-	red fox	17558542	Curation is part of the VGTK project, Curator: VGTK rabies team, SBOHVM and MRC-University of Glasgow Centre for Virus Research 
DQ468327	Russia	-	-	red fox	17558542	Curation is part of the VGTK project, Curator: VGTK rabies team, SBOHVM and MRC-University of Glasgow Centre for Virus Research 
DQ462436	Russia	-	-	red fox	17558542	Curation is part of the VGTK project, Curator: VGTK rabies team, SBOHVM and MRC-University of Glasgow Centre for Virus Research 
DQ462435	Russia	-	-	red fox	17558542	Curation is part of the VGTK project, Curator: VGTK rabies team, SBOHVM and MRC-University of Glasgow Centre for Virus Research 
DQ462430	Russia	-	-	-	17558542	Curation is part of the VGTK project, Curator: VGTK rabies team, SBOHVM and MRC-University of Glasgow Centre for Virus Research 
DQ462427	Russia	-	-	red fox	17558542	Curation is part of the VGTK project, Curator: VGTK rabies team, SBOHVM and MRC-University of Glasgow Centre for Virus Research 
DQ462425	Russia	-	-	red fox	17558542	Curation is part of the VGTK project, Curator: VGTK rabies team, SBOHVM and MRC-University of Glasgow Centre for Virus Research 
DQ462422	Russia	-	-	red fox	17558542	Curation is part of the VGTK project, Curator: VGTK rabies team, SBOHVM and MRC-University of Glasgow Centre for Virus Research 
DQ194900	South Africa	-	1980	black-backed jackal	16412222	Curation is part of the VGTK project, Curator: VGTK rabies team, SBOHVM and MRC-University of Glasgow Centre for Virus Research 
DQ194899	South Africa	-	1991	black-backed jackal	16412222	Curation is part of the VGTK project, Curator: VGTK rabies team, SBOHVM and MRC-University of Glasgow Centre for Virus Research 
DQ194898	South Africa	-	1991	black-backed jackal	16412222	Curation is part of the VGTK project, Curator: VGTK rabies team, SBOHVM and MRC-University of Glasgow Centre for Virus Research 
DQ194887	Namibia	-	-	black-backed jackal	16412222	Curation is part of the VGTK project, Curator: VGTK rabies team, SBOHVM and MRC-University of Glasgow Centre for Virus Research 
DQ194876	Namibia	-	2003	black-backed jackal	16412222	Curation is part of the VGTK project, Curator: VGTK rabies team, SBOHVM and MRC-University of Glasgow Centre for Virus Research 
DQ194875	Namibia	-	2003	black-backed jackal	16412222	Curation is part of the VGTK project, Curator: VGTK rabies team, SBOHVM and MRC-University of Glasgow Centre for Virus Research 
DQ194874	Namibia	-	2003	black-backed jackal	16412222	Curation is part of the VGTK project, Curator: VGTK rabies team, SBOHVM and MRC-University of Glasgow Centre for Virus Research 
DQ194873	Namibia	-	2003	black-backed jackal	16412222	Curation is part of the VGTK project, Curator: VGTK rabies team, SBOHVM and MRC-University of Glasgow Centre for Virus Research 
DQ194872	Namibia	-	2003	black-backed jackal	16412222	Curation is part of the VGTK project, Curator: VGTK rabies team, SBOHVM and MRC-University of Glasgow Centre for Virus Research 
DQ194871	Namibia	-	2003	black-backed jackal	16412222	Curation is part of the VGTK project, Curator: VGTK rabies team, SBOHVM and MRC-University of Glasgow Centre for Virus Research 
DQ194870	Namibia	-	2003	black-backed jackal	16412222	Curation is part of the VGTK project, Curator: VGTK rabies team, SBOHVM and MRC-University of Glasgow Centre for Virus Research 
DQ194869	Namibia	-	2003	black-backed jackal	16412222	Curation is part of the VGTK project, Curator: VGTK rabies team, SBOHVM and MRC-University of Glasgow Centre for Virus Research 
DQ194868	Namibia	-	2000	black-backed jackal	16412222	Curation is part of the VGTK project, Curator: VGTK rabies team, SBOHVM and MRC-University of Glasgow Centre for Virus Research 
DQ194867	Namibia	-	2000	black-backed jackal	16412222	Curation is part of the VGTK project, Curator: VGTK rabies team, SBOHVM and MRC-University of Glasgow Centre for Virus Research 
DQ194866	Namibia	-	2000	black-backed jackal	16412222	Curation is part of the VGTK project, Curator: VGTK rabies team, SBOHVM and MRC-University of Glasgow Centre for Virus Research 
DQ194865	Namibia	-	2000	black-backed jackal	16412222	Curation is part of the VGTK project, Curator: VGTK rabies team, SBOHVM and MRC-University of Glasgow Centre for Virus Research 
DQ194864	Namibia	-	2000	black-backed jackal	16412222	Curation is part of the VGTK project, Curator: VGTK rabies team, SBOHVM and MRC-University of Glasgow Centre for Virus Research 
MK760763	Iran	-	-	golden jackal	31535448	Curation is part of the VGTK project, Curator: VGTK rabies team, SBOHVM and MRC-University of Glasgow Centre for Virus Research 
MK760744	Iran	-	-	golden jackal	31535448	Curation is part of the VGTK project, Curator: VGTK rabies team, SBOHVM and MRC-University of Glasgow Centre for Virus Research 
MK760739	Iran	-	-	golden jackal	31535448	Curation is part of the VGTK project, Curator: VGTK rabies team, SBOHVM and MRC-University of Glasgow Centre for Virus Research 
MK760726	Iran	-	-	golden jackal	31535448	Curation is part of the VGTK project, Curator: VGTK rabies team, SBOHVM and MRC-University of Glasgow Centre for Virus Research 
MK760719	Iran	-	-	golden jackal	31535448	Curation is part of the VGTK project, Curator: VGTK rabies team, SBOHVM and MRC-University of Glasgow Centre for Virus Research 
MK760715	Iran	-	-	golden jackal	31535448	Curation is part of the VGTK project, Curator: VGTK rabies team, SBOHVM and MRC-University of Glasgow Centre for Virus Research 
MK760712	Iran	-	-	golden jackal	31535448	Curation is part of the VGTK project, Curator: VGTK rabies team, SBOHVM and MRC-University of Glasgow Centre for Virus Research 
MK760706	Iran	-	-	golden jackal	31535448	Curation is part of the VGTK project, Curator: VGTK rabies team, SBOHVM and MRC-University of Glasgow Centre for Virus Research 
MK760688	Iran	-	-	golden jackal	31535448	Curation is part of the VGTK project, Curator: VGTK rabies team, SBOHVM and MRC-University of Glasgow Centre for Virus Research 
DQ194903	South Africa	-	1980	greater kudu	16412222	Curation is part of the VGTK project, Curator: VGTK rabies team, SBOHVM and MRC-University of Glasgow Centre for Virus Research 
DQ194889	Namibia	-	1980	greater kudu	16412222	Curation is part of the VGTK project, Curator: VGTK rabies team, SBOHVM and MRC-University of Glasgow Centre for Virus Research 
DQ194863	Namibia	-	2003	greater kudu	16412222	Curation is part of the VGTK project, Curator: VGTK rabies team, SBOHVM and MRC-University of Glasgow Centre for Virus Research 
DQ194862	Namibia	-	2003	greater kudu	16412222	Curation is part of the VGTK project, Curator: VGTK rabies team, SBOHVM and MRC-University of Glasgow Centre for Virus Research 
DQ194861	Namibia	-	2003	greater kudu	16412222	Curation is part of the VGTK project, Curator: VGTK rabies team, SBOHVM and MRC-University of Glasgow Centre for Virus Research 
DQ194860	Namibia	-	2003	greater kudu	16412222	Curation is part of the VGTK project, Curator: VGTK rabies team, SBOHVM and MRC-University of Glasgow Centre for Virus Research 
DQ194859	Namibia	-	2003	greater kudu	16412222	Curation is part of the VGTK project, Curator: VGTK rabies team, SBOHVM and MRC-University of Glasgow Centre for Virus Research 
DQ194858	Namibia	-	2003	greater kudu	16412222	Curation is part of the VGTK project, Curator: VGTK rabies team, SBOHVM and MRC-University of Glasgow Centre for Virus Research 
DQ194857	Namibia	-	2003	greater kudu	16412222	Curation is part of the VGTK project, Curator: VGTK rabies team, SBOHVM and MRC-University of Glasgow Centre for Virus Research 
DQ194856	Namibia	-	2003	greater kudu	16412222	Curation is part of the VGTK project, Curator: VGTK rabies team, SBOHVM and MRC-University of Glasgow Centre for Virus Research 
DQ194855	Namibia	-	2003	greater kudu	16412222	Curation is part of the VGTK project, Curator: VGTK rabies team, SBOHVM and MRC-University of Glasgow Centre for Virus Research 
AY854576	Cuba	-	2000	small Indian mongoose	16740188	Curation is part of the VGTK project, Curator: VGTK rabies team, SBOHVM and MRC-University of Glasgow Centre for Virus Research 
AY854573	Cuba	-	2001	small Indian mongoose	16740188	Curation is part of the VGTK project, Curator: VGTK rabies team, SBOHVM and MRC-University of Glasgow Centre for Virus Research 
AY854567	Cuba	-	2000	small Indian mongoose	16740188	Curation is part of the VGTK project, Curator: VGTK rabies team, SBOHVM and MRC-University of Glasgow Centre for Virus Research 
AY854558	Cuba	-	2002	small Indian mongoose	16740188	Curation is part of the VGTK project, Curator: VGTK rabies team, SBOHVM and MRC-University of Glasgow Centre for Virus Research 
AY854546	Cuba	-	2002	small Indian mongoose	16740188	Curation is part of the VGTK project, Curator: VGTK rabies team, SBOHVM and MRC-University of Glasgow Centre for Virus Research 
AY854544	Cuba	-	2000	small Indian mongoose	16740188	Curation is part of the VGTK project, Curator: VGTK rabies team, SBOHVM and MRC-University of Glasgow Centre for Virus Research 
AY854531	Cuba	-	2002	small Indian mongoose	16740188	Curation is part of the VGTK project, Curator: VGTK rabies team, SBOHVM and MRC-University of Glasgow Centre for Virus Research 
AY854525	Cuba	-	2001	small Indian mongoose	16740188	Curation is part of the VGTK project, Curator: VGTK rabies team, SBOHVM and MRC-University of Glasgow Centre for Virus Research 
AY854505	Cuba	-	2001	small Indian mongoose	16740188	Curation is part of the VGTK project, Curator: VGTK rabies team, SBOHVM and MRC-University of Glasgow Centre for Virus Research 
AY854570	Cuba	-	2002	small Indian mongoose	16740188	Curation is part of the VGTK project, Curator: VGTK rabies team, SBOHVM and MRC-University of Glasgow Centre for Virus Research 
AY854568	Cuba	-	2000	small Indian mongoose	16740188	Curation is part of the VGTK project, Curator: VGTK rabies team, SBOHVM and MRC-University of Glasgow Centre for Virus Research 
AY854555	Cuba	-	2002	small Indian mongoose	16740188	Curation is part of the VGTK project, Curator: VGTK rabies team, SBOHVM and MRC-University of Glasgow Centre for Virus Research 
AY854543	Cuba	-	2000	small Indian mongoose	16740188	Curation is part of the VGTK project, Curator: VGTK rabies team, SBOHVM and MRC-University of Glasgow Centre for Virus Research 
AY854539	Cuba	-	2000	small Indian mongoose	16740188	Curation is part of the VGTK project, Curator: VGTK rabies team, SBOHVM and MRC-University of Glasgow Centre for Virus Research 
AY854538	Cuba	-	2001	small Indian mongoose	16740188	Curation is part of the VGTK project, Curator: VGTK rabies team, SBOHVM and MRC-University of Glasgow Centre for Virus Research 
AY854535	Cuba	-	2000	small Indian mongoose	16740188	Curation is part of the VGTK project, Curator: VGTK rabies team, SBOHVM and MRC-University of Glasgow Centre for Virus Research 
AY854533	Cuba	-	2002	small Indian mongoose	16740188	Curation is part of the VGTK project, Curator: VGTK rabies team, SBOHVM and MRC-University of Glasgow Centre for Virus Research 
AY854518	Cuba	-	2001	small Indian mongoose	16740188	Curation is part of the VGTK project, Curator: VGTK rabies team, SBOHVM and MRC-University of Glasgow Centre for Virus Research 
AY854513	Cuba	-	2001	small Indian mongoose	16740188	Curation is part of the VGTK project, Curator: VGTK rabies team, SBOHVM and MRC-University of Glasgow Centre for Virus Research 
AY854509	Cuba	-	2000	small Indian mongoose	16740188	Curation is part of the VGTK project, Curator: VGTK rabies team, SBOHVM and MRC-University of Glasgow Centre for Virus Research 
AY854508	Cuba	-	2000	small Indian mongoose	16740188	Curation is part of the VGTK project, Curator: VGTK rabies team, SBOHVM and MRC-University of Glasgow Centre for Virus Research 
AY854502	Cuba	-	2000	small Indian mongoose	16740188	Curation is part of the VGTK project, Curator: VGTK rabies team, SBOHVM and MRC-University of Glasgow Centre for Virus Research 
MZ418103	Ethiopia	-	-	side-striped jackal	34161816	Curation is part of the VGTK project, Curator: VGTK rabies team, SBOHVM and MRC-University of Glasgow Centre for Virus Research 
MZ418102	Ethiopia	-	-	side-striped jackal	34161816	Curation is part of the VGTK project, Curator: VGTK rabies team, SBOHVM and MRC-University of Glasgow Centre for Virus Research 
MZ418101	Ethiopia	-	-	side-striped jackal	34161816	Curation is part of the VGTK project, Curator: VGTK rabies team, SBOHVM and MRC-University of Glasgow Centre for Virus Research 
MZ418100	Ethiopia	-	-	side-striped jackal	34161816	Curation is part of the VGTK project, Curator: VGTK rabies team, SBOHVM and MRC-University of Glasgow Centre for Virus Research 
AF344307	Canada	-	-	skunks	9191862	Curation is part of the VGTK project, Curator: VGTK rabies team, SBOHVM and MRC-University of Glasgow Centre for Virus Research 
AF344306	Canada	-	-	skunks	9191862	Curation is part of the VGTK project, Curator: VGTK rabies team, SBOHVM and MRC-University of Glasgow Centre for Virus Research 
AF344305	Canada	-	-	skunks	9191862	Curation is part of the VGTK project, Curator: VGTK rabies team, SBOHVM and MRC-University of Glasgow Centre for Virus Research 
AF344304	Canada	-	-	skunks	9191862	Curation is part of the VGTK project, Curator: VGTK rabies team, SBOHVM and MRC-University of Glasgow Centre for Virus Research 
AY536257	Turkey	-	-	golden jackal	16490142	Curation is part of the VGTK project, Curator: VGTK rabies team, SBOHVM and MRC-University of Glasgow Centre for Virus Research 
AY536256	Turkey	-	-	golden jackal	16490142	Curation is part of the VGTK project, Curator: VGTK rabies team, SBOHVM and MRC-University of Glasgow Centre for Virus Research 
AY536255	Turkey	-	-	golden jackal	16490142	Curation is part of the VGTK project, Curator: VGTK rabies team, SBOHVM and MRC-University of Glasgow Centre for Virus Research 
AY536254	Turkey	-	-	golden jackal	16490142	Curation is part of the VGTK project, Curator: VGTK rabies team, SBOHVM and MRC-University of Glasgow Centre for Virus Research 
AY330761	Botswana	-	-	black-backed jackal	15201031	Curation is part of the VGTK project, Curator: VGTK rabies team, SBOHVM and MRC-University of Glasgow Centre for Virus Research 
AY330754	Botswana	-	-	black-backed jackal	15201031	Curation is part of the VGTK project, Curator: VGTK rabies team, SBOHVM and MRC-University of Glasgow Centre for Virus Research 
AY330747	Botswana	-	-	black-backed jackal	15201031	Curation is part of the VGTK project, Curator: VGTK rabies team, SBOHVM and MRC-University of Glasgow Centre for Virus Research 
AY330737	Botswana	-	-	black-backed jackal	15201031	Curation is part of the VGTK project, Curator: VGTK rabies team, SBOHVM and MRC-University of Glasgow Centre for Virus Research 
AY330733	Botswana	-	-	black-backed jackal	15201031	Curation is part of the VGTK project, Curator: VGTK rabies team, SBOHVM and MRC-University of Glasgow Centre for Virus Research 
AF303076	Zimbabwe	-	-	black-backed jackal	12573499	Curation is part of the VGTK project, Curator: VGTK rabies team, SBOHVM and MRC-University of Glasgow Centre for Virus Research 
AF303064	South Africa	-	-	black-backed jackal	12573499	Curation is part of the VGTK project, Curator: VGTK rabies team, SBOHVM and MRC-University of Glasgow Centre for Virus Research 
AF303063	South Africa	-	-	black-backed jackal	12573499	Curation is part of the VGTK project, Curator: VGTK rabies team, SBOHVM and MRC-University of Glasgow Centre for Virus Research 
AF303062	South Africa	-	-	black-backed jackal	12573499	Curation is part of the VGTK project, Curator: VGTK rabies team, SBOHVM and MRC-University of Glasgow Centre for Virus Research 
AF303061	South Africa	-	-	black-backed jackal	12573499	Curation is part of the VGTK project, Curator: VGTK rabies team, SBOHVM and MRC-University of Glasgow Centre for Virus Research 
AF303060	South Africa	-	-	black-backed jackal	12573499	Curation is part of the VGTK project, Curator: VGTK rabies team, SBOHVM and MRC-University of Glasgow Centre for Virus Research 
OQ603684	Georgia	-	2020/2022	golden jackal	37766204	Curation is part of the VGTK project, Curator: VGTK rabies team, SBOHVM and MRC-University of Glasgow Centre for Virus Research 
OQ603682	Georgia	-	2020/2022	golden jackal	37766204	Curation is part of the VGTK project, Curator: VGTK rabies team, SBOHVM and MRC-University of Glasgow Centre for Virus Research 
OQ603681	Georgia	-	2020/2022	golden jackal	37766204	Curation is part of the VGTK project, Curator: VGTK rabies team, SBOHVM and MRC-University of Glasgow Centre for Virus Research 
OQ603680	Georgia	-	2020/2022	golden jackal	37766204	Curation is part of the VGTK project, Curator: VGTK rabies team, SBOHVM and MRC-University of Glasgow Centre for Virus Research 
OQ603665	Georgia	-	2020/2022	golden jackal	37766204	Curation is part of the VGTK project, Curator: VGTK rabies team, SBOHVM and MRC-University of Glasgow Centre for Virus Research 
OQ603664	Georgia	-	2020/2022	golden jackal	37766204	Curation is part of the VGTK project, Curator: VGTK rabies team, SBOHVM and MRC-University of Glasgow Centre for Virus Research 
OQ603661	Georgia	-	2020/2022	golden jackal	37766204	Curation is part of the VGTK project, Curator: VGTK rabies team, SBOHVM and MRC-University of Glasgow Centre for Virus Research 
OQ603659	Georgia	-	2020/2022	golden jackal	37766204	Curation is part of the VGTK project, Curator: VGTK rabies team, SBOHVM and MRC-University of Glasgow Centre for Virus Research 
AY998246	Mexico	-	-	Brazilian free-tailed bat	16303200	Curation is part of the VGTK project, Curator: VGTK rabies team, SBOHVM and MRC-University of Glasgow Centre for Virus Research 
MF572306	Russia	-	2014	red fox	36494976	Curation is part of the VGTK project, Curator: VGTK rabies team, SBOHVM and MRC-University of Glasgow Centre for Virus Research 
MF572305	Russia	-	2014	red fox	36494976	Curation is part of the VGTK project, Curator: VGTK rabies team, SBOHVM and MRC-University of Glasgow Centre for Virus Research 
MF572304	Russia	-	2014	red fox	36494976	Curation is part of the VGTK project, Curator: VGTK rabies team, SBOHVM and MRC-University of Glasgow Centre for Virus Research 
MF572302	Russia	-	2014	red fox	36494976	Curation is part of the VGTK project, Curator: VGTK rabies team, SBOHVM and MRC-University of Glasgow Centre for Virus Research 
MF572300	Russia	-	2014	red fox	36494976	Curation is part of the VGTK project, Curator: VGTK rabies team, SBOHVM and MRC-University of Glasgow Centre for Virus Research 
MF503298	Russia	-	2009	red fox	36494976	Curation is part of the VGTK project, Curator: VGTK rabies team, SBOHVM and MRC-University of Glasgow Centre for Virus Research 
MF463001	Russia	-	2009	red fox	36494976	Curation is part of the VGTK project, Curator: VGTK rabies team, SBOHVM and MRC-University of Glasgow Centre for Virus Research 
PP530390	Turkey	-	2017	red fox	-	Curation is part of the VGTK project, Curator: VGTK rabies team, SBOHVM and MRC-University of Glasgow Centre for Virus Research 
PP530389	Turkey	-	2017	red fox	-	Curation is part of the VGTK project, Curator: VGTK rabies team, SBOHVM and MRC-University of Glasgow Centre for Virus Research 
PP530388	Turkey	-	2019	red fox	-	Curation is part of the VGTK project, Curator: VGTK rabies team, SBOHVM and MRC-University of Glasgow Centre for Virus Research 
PP530386	Turkey	-	2020	red fox	-	Curation is part of the VGTK project, Curator: VGTK rabies team, SBOHVM and MRC-University of Glasgow Centre for Virus Research 
PP530385	Turkey	-	2020	red fox	-	Curation is part of the VGTK project, Curator: VGTK rabies team, SBOHVM and MRC-University of Glasgow Centre for Virus Research 
MF158985	China	-	2013	Melogale moschata	30025563	Curation is part of the VGTK project, Curator: VGTK rabies team, SBOHVM and MRC-University of Glasgow Centre for Virus Research 
MF158984	China	-	2013	Melogale moschata	30025563	Curation is part of the VGTK project, Curator: VGTK rabies team, SBOHVM and MRC-University of Glasgow Centre for Virus Research 
MF158983	China	-	2013	Melogale moschata	30025563	Curation is part of the VGTK project, Curator: VGTK rabies team, SBOHVM and MRC-University of Glasgow Centre for Virus Research 
MF158982	China	-	2014	Melogale moschata	30025563	Curation is part of the VGTK project, Curator: VGTK rabies team, SBOHVM and MRC-University of Glasgow Centre for Virus Research 
MF158981	China	-	2014	Melogale moschata	30025563	Curation is part of the VGTK project, Curator: VGTK rabies team, SBOHVM and MRC-University of Glasgow Centre for Virus Research 
MF158980	China	-	2015	Melogale moschata	30025563	Curation is part of the VGTK project, Curator: VGTK rabies team, SBOHVM and MRC-University of Glasgow Centre for Virus Research 
MF158979	China	-	2014	Melogale moschata	30025563	Curation is part of the VGTK project, Curator: VGTK rabies team, SBOHVM and MRC-University of Glasgow Centre for Virus Research 
MF158978	China	-	2015	Melogale moschata	30025563	Curation is part of the VGTK project, Curator: VGTK rabies team, SBOHVM and MRC-University of Glasgow Centre for Virus Research 
MF158977	China	-	2015	Melogale moschata	30025563	Curation is part of the VGTK project, Curator: VGTK rabies team, SBOHVM and MRC-University of Glasgow Centre for Virus Research 
MF158976	China	-	2015	Melogale moschata	30025563	Curation is part of the VGTK project, Curator: VGTK rabies team, SBOHVM and MRC-University of Glasgow Centre for Virus Research 
MF113397	China	-	2016	Melogale moschata	30025563	Curation is part of the VGTK project, Curator: VGTK rabies team, SBOHVM and MRC-University of Glasgow Centre for Virus Research 
MF113396	China	-	2016	Melogale moschata	30025563	Curation is part of the VGTK project, Curator: VGTK rabies team, SBOHVM and MRC-University of Glasgow Centre for Virus Research 
MF113395	China	-	2016	Melogale moschata	30025563	Curation is part of the VGTK project, Curator: VGTK rabies team, SBOHVM and MRC-University of Glasgow Centre for Virus Research 
MF113394	China	-	2016	Melogale moschata	30025563	Curation is part of the VGTK project, Curator: VGTK rabies team, SBOHVM and MRC-University of Glasgow Centre for Virus Research 
MF113393	China	-	2016	Melogale moschata	30025563	Curation is part of the VGTK project, Curator: VGTK rabies team, SBOHVM and MRC-University of Glasgow Centre for Virus Research 
MF113392	China	-	2016	Melogale moschata	30025563	Curation is part of the VGTK project, Curator: VGTK rabies team, SBOHVM and MRC-University of Glasgow Centre for Virus Research 
MF113391	China	-	2016	Melogale moschata	30025563	Curation is part of the VGTK project, Curator: VGTK rabies team, SBOHVM and MRC-University of Glasgow Centre for Virus Research 
MF113390	China	-	2016	Melogale moschata	30025563	Curation is part of the VGTK project, Curator: VGTK rabies team, SBOHVM and MRC-University of Glasgow Centre for Virus Research 
MF113389	China	-	2016	Melogale moschata	30025563	Curation is part of the VGTK project, Curator: VGTK rabies team, SBOHVM and MRC-University of Glasgow Centre for Virus Research 
MF113388	China	-	2016	Melogale moschata	30025563	Curation is part of the VGTK project, Curator: VGTK rabies team, SBOHVM and MRC-University of Glasgow Centre for Virus Research 
FJ719757	China	-	-	Melogale moschata	19523299	Curation is part of the VGTK project, Curator: VGTK rabies team, SBOHVM and MRC-University of Glasgow Centre for Virus Research 
FJ719756	China	-	-	Melogale moschata	19523299	Curation is part of the VGTK project, Curator: VGTK rabies team, SBOHVM and MRC-University of Glasgow Centre for Virus Research 
FJ719755	China	-	-	Melogale moschata	19523299	Curation is part of the VGTK project, Curator: VGTK rabies team, SBOHVM and MRC-University of Glasgow Centre for Virus Research 
FJ719754	China	-	-	Melogale moschata	19523299	Curation is part of the VGTK project, Curator: VGTK rabies team, SBOHVM and MRC-University of Glasgow Centre for Virus Research 
FJ719753	China	-	-	Melogale moschata	19523299	Curation is part of the VGTK project, Curator: VGTK rabies team, SBOHVM and MRC-University of Glasgow Centre for Virus Research 
FJ719752	China	-	-	Melogale moschata	19523299	Curation is part of the VGTK project, Curator: VGTK rabies team, SBOHVM and MRC-University of Glasgow Centre for Virus Research 
FJ719751	China	-	-	Melogale moschata	19523299	Curation is part of the VGTK project, Curator: VGTK rabies team, SBOHVM and MRC-University of Glasgow Centre for Virus Research 
FJ719750	China	-	-	Melogale moschata	19523299	Curation is part of the VGTK project, Curator: VGTK rabies team, SBOHVM and MRC-University of Glasgow Centre for Virus Research 
FJ719749	China	-	-	Melogale moschata	19523299	Curation is part of the VGTK project, Curator: VGTK rabies team, SBOHVM and MRC-University of Glasgow Centre for Virus Research 
KF501179	Taiwan	-	-	Melogale moschata subaurantiaca	26711025	Curation is part of the VGTK project, Curator: VGTK rabies team, SBOHVM and MRC-University of Glasgow Centre for Virus Research 
KF501178	Taiwan	-	-	Melogale moschata subaurantiaca	26711025	Curation is part of the VGTK project, Curator: VGTK rabies team, SBOHVM and MRC-University of Glasgow Centre for Virus Research 
KF501177	Taiwan	-	-	Melogale moschata subaurantiaca	26711025	Curation is part of the VGTK project, Curator: VGTK rabies team, SBOHVM and MRC-University of Glasgow Centre for Virus Research 
KF501176	Taiwan	-	-	Melogale moschata subaurantiaca	26711025	Curation is part of the VGTK project, Curator: VGTK rabies team, SBOHVM and MRC-University of Glasgow Centre for Virus Research 
KF501175	Taiwan	-	-	Melogale moschata subaurantiaca	26711025	Curation is part of the VGTK project, Curator: VGTK rabies team, SBOHVM and MRC-University of Glasgow Centre for Virus Research 
KF501174	Taiwan	-	-	Melogale moschata subaurantiaca	26711025	Curation is part of the VGTK project, Curator: VGTK rabies team, SBOHVM and MRC-University of Glasgow Centre for Virus Research 
KF501185	Taiwan	-	-	Melogale moschata subaurantiaca	26711025	Curation is part of the VGTK project, Curator: VGTK rabies team, SBOHVM and MRC-University of Glasgow Centre for Virus Research 
KF501184	Taiwan	-	-	Melogale moschata subaurantiaca	26711025	Curation is part of the VGTK project, Curator: VGTK rabies team, SBOHVM and MRC-University of Glasgow Centre for Virus Research 
KF501183	Taiwan	-	-	Melogale moschata subaurantiaca	26711025	Curation is part of the VGTK project, Curator: VGTK rabies team, SBOHVM and MRC-University of Glasgow Centre for Virus Research 
KF501182	Taiwan	-	-	Melogale moschata subaurantiaca	26711025	Curation is part of the VGTK project, Curator: VGTK rabies team, SBOHVM and MRC-University of Glasgow Centre for Virus Research 
KF501181	Taiwan	-	-	Melogale moschata subaurantiaca	26711025	Curation is part of the VGTK project, Curator: VGTK rabies team, SBOHVM and MRC-University of Glasgow Centre for Virus Research 
KF501180	Taiwan	-	-	Melogale moschata subaurantiaca	26711025	Curation is part of the VGTK project, Curator: VGTK rabies team, SBOHVM and MRC-University of Glasgow Centre for Virus Research 
KF544965	Taiwan	-	-	Melogale moschata subaurantiaca	26711025	Curation is part of the VGTK project, Curator: VGTK rabies team, SBOHVM and MRC-University of Glasgow Centre for Virus Research 
KF544964	Taiwan	-	-	Melogale moschata subaurantiaca	26711025	Curation is part of the VGTK project, Curator: VGTK rabies team, SBOHVM and MRC-University of Glasgow Centre for Virus Research 
KF544963	Taiwan	-	-	Melogale moschata subaurantiaca	26711025	Curation is part of the VGTK project, Curator: VGTK rabies team, SBOHVM and MRC-University of Glasgow Centre for Virus Research 
KF544962	Taiwan	-	-	Melogale moschata subaurantiaca	26711025	Curation is part of the VGTK project, Curator: VGTK rabies team, SBOHVM and MRC-University of Glasgow Centre for Virus Research 
KF544961	Taiwan	-	-	Melogale moschata subaurantiaca	26711025	Curation is part of the VGTK project, Curator: VGTK rabies team, SBOHVM and MRC-University of Glasgow Centre for Virus Research 
KF544960	Taiwan	-	-	Melogale moschata subaurantiaca	26711025	Curation is part of the VGTK project, Curator: VGTK rabies team, SBOHVM and MRC-University of Glasgow Centre for Virus Research 
KF620489	Taiwan	-	-	Melogale moschata subaurantiaca	24751120	Curation is part of the VGTK project, Curator: VGTK rabies team, SBOHVM and MRC-University of Glasgow Centre for Virus Research 
KF620488	Taiwan	-	-	Melogale moschata subaurantiaca	24751120	Curation is part of the VGTK project, Curator: VGTK rabies team, SBOHVM and MRC-University of Glasgow Centre for Virus Research 
KF620487	Taiwan	-	-	Melogale moschata subaurantiaca	24751120	Curation is part of the VGTK project, Curator: VGTK rabies team, SBOHVM and MRC-University of Glasgow Centre for Virus Research 
HQ118118	China	-	2008	Melogale moschata	21195445	Curation is part of the VGTK project, Curator: VGTK rabies team, SBOHVM and MRC-University of Glasgow Centre for Virus Research 
HQ118117	China	-	2008	Melogale moschata	21195445	Curation is part of the VGTK project, Curator: VGTK rabies team, SBOHVM and MRC-University of Glasgow Centre for Virus Research 
HQ118116	China	-	2008	Melogale moschata	21195445	Curation is part of the VGTK project, Curator: VGTK rabies team, SBOHVM and MRC-University of Glasgow Centre for Virus Research 
HQ118115	China	-	2008	Melogale moschata	21195445	Curation is part of the VGTK project, Curator: VGTK rabies team, SBOHVM and MRC-University of Glasgow Centre for Virus Research 
HQ118114	China	-	2008	Melogale moschata	21195445	Curation is part of the VGTK project, Curator: VGTK rabies team, SBOHVM and MRC-University of Glasgow Centre for Virus Research 
GQ857469	China	-	2008	Melogale moschata	20650678	Curation is part of the VGTK project, Curator: VGTK rabies team, SBOHVM and MRC-University of Glasgow Centre for Virus Research 
GQ857468	China	-	2008	Melogale moschata	20650678	Curation is part of the VGTK project, Curator: VGTK rabies team, SBOHVM and MRC-University of Glasgow Centre for Virus Research 
MT068627	China	-	2017	Melogale moschata	35910614	Curation is part of the VGTK project, Curator: VGTK rabies team, SBOHVM and MRC-University of Glasgow Centre for Virus Research 
MT068626	China	-	2017	Melogale moschata	35910614	Curation is part of the VGTK project, Curator: VGTK rabies team, SBOHVM and MRC-University of Glasgow Centre for Virus Research 
MT068625	China	-	2017	Melogale moschata	35910614	Curation is part of the VGTK project, Curator: VGTK rabies team, SBOHVM and MRC-University of Glasgow Centre for Virus Research 
MT068624	China	-	2017	Melogale moschata	35910614	Curation is part of the VGTK project, Curator: VGTK rabies team, SBOHVM and MRC-University of Glasgow Centre for Virus Research 
MT068623	China	-	2017	Melogale moschata	35910614	Curation is part of the VGTK project, Curator: VGTK rabies team, SBOHVM and MRC-University of Glasgow Centre for Virus Research 
MT068622	China	-	2017	Melogale moschata	35910614	Curation is part of the VGTK project, Curator: VGTK rabies team, SBOHVM and MRC-University of Glasgow Centre for Virus Research 
MT068621	China	-	2017	Melogale moschata	35910614	Curation is part of the VGTK project, Curator: VGTK rabies team, SBOHVM and MRC-University of Glasgow Centre for Virus Research 
MT068620	China	-	2017	Melogale moschata	35910614	Curation is part of the VGTK project, Curator: VGTK rabies team, SBOHVM and MRC-University of Glasgow Centre for Virus Research 
MT068619	China	-	2017	Melogale moschata	35910614	Curation is part of the VGTK project, Curator: VGTK rabies team, SBOHVM and MRC-University of Glasgow Centre for Virus Research 
MT068618	China	-	2017	Melogale moschata	35910614	Curation is part of the VGTK project, Curator: VGTK rabies team, SBOHVM and MRC-University of Glasgow Centre for Virus Research 
MT068617	China	-	2017	Melogale moschata	35910614	Curation is part of the VGTK project, Curator: VGTK rabies team, SBOHVM and MRC-University of Glasgow Centre for Virus Research 
MT068616	China	-	2017	Melogale moschata	35910614	Curation is part of the VGTK project, Curator: VGTK rabies team, SBOHVM and MRC-University of Glasgow Centre for Virus Research 
MT068615	China	-	2017	Melogale moschata	35910614	Curation is part of the VGTK project, Curator: VGTK rabies team, SBOHVM and MRC-University of Glasgow Centre for Virus Research 
MT068614	China	-	2017	Melogale moschata	35910614	Curation is part of the VGTK project, Curator: VGTK rabies team, SBOHVM and MRC-University of Glasgow Centre for Virus Research 
MT068613	China	-	2017	Melogale moschata	35910614	Curation is part of the VGTK project, Curator: VGTK rabies team, SBOHVM and MRC-University of Glasgow Centre for Virus Research 
MT068612	China	-	2017	Melogale moschata	35910614	Curation is part of the VGTK project, Curator: VGTK rabies team, SBOHVM and MRC-University of Glasgow Centre for Virus Research 
MT068611	China	-	2017	Melogale moschata	35910614	Curation is part of the VGTK project, Curator: VGTK rabies team, SBOHVM and MRC-University of Glasgow Centre for Virus Research 
MT068610	China	-	2017	Melogale moschata	35910614	Curation is part of the VGTK project, Curator: VGTK rabies team, SBOHVM and MRC-University of Glasgow Centre for Virus Research 
MT068609	China	-	2017	Melogale moschata	35910614	Curation is part of the VGTK project, Curator: VGTK rabies team, SBOHVM and MRC-University of Glasgow Centre for Virus Research 
MT068608	China	-	2017	Melogale moschata	35910614	Curation is part of the VGTK project, Curator: VGTK rabies team, SBOHVM and MRC-University of Glasgow Centre for Virus Research 
MT068607	China	-	2017	Melogale moschata	35910614	Curation is part of the VGTK project, Curator: VGTK rabies team, SBOHVM and MRC-University of Glasgow Centre for Virus Research 
MT068606	China	-	2017	Melogale moschata	35910614	Curation is part of the VGTK project, Curator: VGTK rabies team, SBOHVM and MRC-University of Glasgow Centre for Virus Research 
MT068605	China	-	2017	Melogale moschata	35910614	Curation is part of the VGTK project, Curator: VGTK rabies team, SBOHVM and MRC-University of Glasgow Centre for Virus Research 
MT068604	China	-	2017	Melogale moschata	35910614	Curation is part of the VGTK project, Curator: VGTK rabies team, SBOHVM and MRC-University of Glasgow Centre for Virus Research 
MT068603	China	-	2018	Melogale moschata	35910614	Curation is part of the VGTK project, Curator: VGTK rabies team, SBOHVM and MRC-University of Glasgow Centre for Virus Research 
MT068602	China	-	2018	Melogale moschata	35910614	Curation is part of the VGTK project, Curator: VGTK rabies team, SBOHVM and MRC-University of Glasgow Centre for Virus Research 
MT068601	China	-	2018	Melogale moschata	35910614	Curation is part of the VGTK project, Curator: VGTK rabies team, SBOHVM and MRC-University of Glasgow Centre for Virus Research 
MT068600	China	-	2018	Melogale moschata	35910614	Curation is part of the VGTK project, Curator: VGTK rabies team, SBOHVM and MRC-University of Glasgow Centre for Virus Research 
MT068599	China	-	2018	Melogale moschata	35910614	Curation is part of the VGTK project, Curator: VGTK rabies team, SBOHVM and MRC-University of Glasgow Centre for Virus Research 
MT068598	China	-	2018	Melogale moschata	35910614	Curation is part of the VGTK project, Curator: VGTK rabies team, SBOHVM and MRC-University of Glasgow Centre for Virus Research 
MT068597	China	-	2018	Melogale moschata	35910614	Curation is part of the VGTK project, Curator: VGTK rabies team, SBOHVM and MRC-University of Glasgow Centre for Virus Research 
MT068596	China	-	2018	Melogale moschata	35910614	Curation is part of the VGTK project, Curator: VGTK rabies team, SBOHVM and MRC-University of Glasgow Centre for Virus Research 
MT068595	China	-	2018	Melogale moschata	35910614	Curation is part of the VGTK project, Curator: VGTK rabies team, SBOHVM and MRC-University of Glasgow Centre for Virus Research 
MT068594	China	-	2018	Melogale moschata	35910614	Curation is part of the VGTK project, Curator: VGTK rabies team, SBOHVM and MRC-University of Glasgow Centre for Virus Research 
MT068593	China	-	2018	Melogale moschata	35910614	Curation is part of the VGTK project, Curator: VGTK rabies team, SBOHVM and MRC-University of Glasgow Centre for Virus Research 
MT068592	China	-	2018	Melogale moschata	35910614	Curation is part of the VGTK project, Curator: VGTK rabies team, SBOHVM and MRC-University of Glasgow Centre for Virus Research 
MT068591	China	-	2018	Melogale moschata	35910614	Curation is part of the VGTK project, Curator: VGTK rabies team, SBOHVM and MRC-University of Glasgow Centre for Virus Research 
MT068590	China	-	2018	Melogale moschata	35910614	Curation is part of the VGTK project, Curator: VGTK rabies team, SBOHVM and MRC-University of Glasgow Centre for Virus Research 
MT068589	China	-	2018	Melogale moschata	35910614	Curation is part of the VGTK project, Curator: VGTK rabies team, SBOHVM and MRC-University of Glasgow Centre for Virus Research 
MT068588	China	-	2018	Melogale moschata	35910614	Curation is part of the VGTK project, Curator: VGTK rabies team, SBOHVM and MRC-University of Glasgow Centre for Virus Research 
MT068587	China	-	2018	Melogale moschata	35910614	Curation is part of the VGTK project, Curator: VGTK rabies team, SBOHVM and MRC-University of Glasgow Centre for Virus Research 
MT068586	China	-	2018	Melogale moschata	35910614	Curation is part of the VGTK project, Curator: VGTK rabies team, SBOHVM and MRC-University of Glasgow Centre for Virus Research 
MT068585	China	-	2018	Melogale moschata	35910614	Curation is part of the VGTK project, Curator: VGTK rabies team, SBOHVM and MRC-University of Glasgow Centre for Virus Research 
MT068584	China	-	2018	Melogale moschata	35910614	Curation is part of the VGTK project, Curator: VGTK rabies team, SBOHVM and MRC-University of Glasgow Centre for Virus Research 
MT068583	China	-	2018	Melogale moschata	35910614	Curation is part of the VGTK project, Curator: VGTK rabies team, SBOHVM and MRC-University of Glasgow Centre for Virus Research 
MT068582	China	-	2018	Melogale moschata	35910614	Curation is part of the VGTK project, Curator: VGTK rabies team, SBOHVM and MRC-University of Glasgow Centre for Virus Research 
MT068581	China	-	2018	Melogale moschata	35910614	Curation is part of the VGTK project, Curator: VGTK rabies team, SBOHVM and MRC-University of Glasgow Centre for Virus Research 
MT068580	China	-	2018	Melogale moschata	35910614	Curation is part of the VGTK project, Curator: VGTK rabies team, SBOHVM and MRC-University of Glasgow Centre for Virus Research 
MT068579	China	-	2018	Melogale moschata	35910614	Curation is part of the VGTK project, Curator: VGTK rabies team, SBOHVM and MRC-University of Glasgow Centre for Virus Research 
MT068578	China	-	2018	Melogale moschata	35910614	Curation is part of the VGTK project, Curator: VGTK rabies team, SBOHVM and MRC-University of Glasgow Centre for Virus Research 
MT068577	China	-	2018	Melogale moschata	35910614	Curation is part of the VGTK project, Curator: VGTK rabies team, SBOHVM and MRC-University of Glasgow Centre for Virus Research 
MT068576	China	-	2018	Melogale moschata	35910614	Curation is part of the VGTK project, Curator: VGTK rabies team, SBOHVM and MRC-University of Glasgow Centre for Virus Research 
MT068575	China	-	2018	Melogale moschata	35910614	Curation is part of the VGTK project, Curator: VGTK rabies team, SBOHVM and MRC-University of Glasgow Centre for Virus Research 
MT068574	China	-	2018	Melogale moschata	35910614	Curation is part of the VGTK project, Curator: VGTK rabies team, SBOHVM and MRC-University of Glasgow Centre for Virus Research 
MT068573	China	-	2018	Melogale moschata	35910614	Curation is part of the VGTK project, Curator: VGTK rabies team, SBOHVM and MRC-University of Glasgow Centre for Virus Research 
MT068572	China	-	2018	Melogale moschata	35910614	Curation is part of the VGTK project, Curator: VGTK rabies team, SBOHVM and MRC-University of Glasgow Centre for Virus Research 
MT068571	China	-	2018	Melogale moschata	35910614	Curation is part of the VGTK project, Curator: VGTK rabies team, SBOHVM and MRC-University of Glasgow Centre for Virus Research 
MT068570	China	-	2018	Melogale moschata	35910614	Curation is part of the VGTK project, Curator: VGTK rabies team, SBOHVM and MRC-University of Glasgow Centre for Virus Research 
MT068569	China	-	2018	Melogale moschata	35910614	Curation is part of the VGTK project, Curator: VGTK rabies team, SBOHVM and MRC-University of Glasgow Centre for Virus Research 
MT068568	China	-	2018	Melogale moschata	35910614	Curation is part of the VGTK project, Curator: VGTK rabies team, SBOHVM and MRC-University of Glasgow Centre for Virus Research 
MT068567	China	-	2018	Melogale moschata	35910614	Curation is part of the VGTK project, Curator: VGTK rabies team, SBOHVM and MRC-University of Glasgow Centre for Virus Research 
MT068566	China	-	2018	Melogale moschata	35910614	Curation is part of the VGTK project, Curator: VGTK rabies team, SBOHVM and MRC-University of Glasgow Centre for Virus Research 
AF304179	South Africa	-	-	Felis lybica	15763147	Curation is part of the VGTK project, Curator: VGTK rabies team, SBOHVM and MRC-University of Glasgow Centre for Virus Research 
AF304177	South Africa	-	-	Felis lybica	15763147	Curation is part of the VGTK project, Curator: VGTK rabies team, SBOHVM and MRC-University of Glasgow Centre for Virus Research 
AF304176	South Africa	-	-	Felis lybica	15763147	Curation is part of the VGTK project, Curator: VGTK rabies team, SBOHVM and MRC-University of Glasgow Centre for Virus Research 
AF304174	South Africa	-	-	Felis lybica	15763147	Curation is part of the VGTK project, Curator: VGTK rabies team, SBOHVM and MRC-University of Glasgow Centre for Virus Research 
AF304171	South Africa	-	-	Felis lybica	15763147	Curation is part of the VGTK project, Curator: VGTK rabies team, SBOHVM and MRC-University of Glasgow Centre for Virus Research 
AF304167	South Africa	-	-	Felis lybica	15763147	Curation is part of the VGTK project, Curator: VGTK rabies team, SBOHVM and MRC-University of Glasgow Centre for Virus Research 
OR192202	South Africa	-	2018	feline species	37887728	Curation is part of the VGTK project, Curator: VGTK rabies team, SBOHVM and MRC-University of Glasgow Centre for Virus Research 
OR192188	South Africa	-	2017	feline species	37887728	Curation is part of the VGTK project, Curator: VGTK rabies team, SBOHVM and MRC-University of Glasgow Centre for Virus Research 
OR192178	South Africa	-	2017	feline species	37887728	Curation is part of the VGTK project, Curator: VGTK rabies team, SBOHVM and MRC-University of Glasgow Centre for Virus Research 
AB291137	Brazil	-	-	Dusicyon	18057829	Curation is part of the VGTK project, Curator: VGTK rabies team, SBOHVM and MRC-University of Glasgow Centre for Virus Research 
AB291136	Brazil	-	-	Dusicyon	18057829	Curation is part of the VGTK project, Curator: VGTK rabies team, SBOHVM and MRC-University of Glasgow Centre for Virus Research 
AB291135	Brazil	-	-	Dusicyon	18057829	Curation is part of the VGTK project, Curator: VGTK rabies team, SBOHVM and MRC-University of Glasgow Centre for Virus Research 
AB291134	Brazil	-	-	Dusicyon	18057829	Curation is part of the VGTK project, Curator: VGTK rabies team, SBOHVM and MRC-University of Glasgow Centre for Virus Research 
AB291133	Brazil	-	-	Dusicyon	18057829	Curation is part of the VGTK project, Curator: VGTK rabies team, SBOHVM and MRC-University of Glasgow Centre for Virus Research 
AB291107	Brazil	-	-	Dusicyon	18057829	Curation is part of the VGTK project, Curator: VGTK rabies team, SBOHVM and MRC-University of Glasgow Centre for Virus Research 
AB291106	Brazil	-	-	Dusicyon	18057829	Curation is part of the VGTK project, Curator: VGTK rabies team, SBOHVM and MRC-University of Glasgow Centre for Virus Research 
AB291105	Brazil	-	-	Dusicyon	18057829	Curation is part of the VGTK project, Curator: VGTK rabies team, SBOHVM and MRC-University of Glasgow Centre for Virus Research 
AB291104	Brazil	-	-	Dusicyon	18057829	Curation is part of the VGTK project, Curator: VGTK rabies team, SBOHVM and MRC-University of Glasgow Centre for Virus Research 
AB291103	Brazil	-	-	Dusicyon	18057829	Curation is part of the VGTK project, Curator: VGTK rabies team, SBOHVM and MRC-University of Glasgow Centre for Virus Research 
MH258828	India	-	2014	dogs	-	Curation is part of the VGTK project, Curator: VGTK rabies team, SBOHVM and MRC-University of Glasgow Centre for Virus Research 
MH258827	India	-	2014	dogs	-	Curation is part of the VGTK project, Curator: VGTK rabies team, SBOHVM and MRC-University of Glasgow Centre for Virus Research 
MH258826	India	-	2014	dogs	-	Curation is part of the VGTK project, Curator: VGTK rabies team, SBOHVM and MRC-University of Glasgow Centre for Virus Research 
MH258825	India	-	2014	dogs	-	Curation is part of the VGTK project, Curator: VGTK rabies team, SBOHVM and MRC-University of Glasgow Centre for Virus Research 
MH258824	India	-	2014	dogs	-	Curation is part of the VGTK project, Curator: VGTK rabies team, SBOHVM and MRC-University of Glasgow Centre for Virus Research 
KP319239	China	-	-	Melogale moschata	-	Curation is part of the VGTK project, Curator: VGTK rabies team, SBOHVM and MRC-University of Glasgow Centre for Virus Research 
KP319238	China	-	-	Melogale moschata	-	Curation is part of the VGTK project, Curator: VGTK rabies team, SBOHVM and MRC-University of Glasgow Centre for Virus Research 
KP319237	China	-	-	Melogale moschata	-	Curation is part of the VGTK project, Curator: VGTK rabies team, SBOHVM and MRC-University of Glasgow Centre for Virus Research 
KP319236	China	-	-	Melogale moschata	-	Curation is part of the VGTK project, Curator: VGTK rabies team, SBOHVM and MRC-University of Glasgow Centre for Virus Research 
KP319235	China	-	-	Melogale moschata	-	Curation is part of the VGTK project, Curator: VGTK rabies team, SBOHVM and MRC-University of Glasgow Centre for Virus Research 
KP319234	China	-	-	Melogale moschata	-	Curation is part of the VGTK project, Curator: VGTK rabies team, SBOHVM and MRC-University of Glasgow Centre for Virus Research 
KP319233	China	-	-	Melogale moschata	-	Curation is part of the VGTK project, Curator: VGTK rabies team, SBOHVM and MRC-University of Glasgow Centre for Virus Research 
KP319232	China	-	-	Melogale moschata	-	Curation is part of the VGTK project, Curator: VGTK rabies team, SBOHVM and MRC-University of Glasgow Centre for Virus Research 
KP319231	China	-	-	Melogale moschata	-	Curation is part of the VGTK project, Curator: VGTK rabies team, SBOHVM and MRC-University of Glasgow Centre for Virus Research 
KP319230	China	-	-	Melogale moschata	-	Curation is part of the VGTK project, Curator: VGTK rabies team, SBOHVM and MRC-University of Glasgow Centre for Virus Research 
KP319229	China	-	-	Melogale moschata	-	Curation is part of the VGTK project, Curator: VGTK rabies team, SBOHVM and MRC-University of Glasgow Centre for Virus Research 
KP319228	China	-	-	Melogale moschata	-	Curation is part of the VGTK project, Curator: VGTK rabies team, SBOHVM and MRC-University of Glasgow Centre for Virus Research 
KP319227	China	-	-	Melogale moschata	-	Curation is part of the VGTK project, Curator: VGTK rabies team, SBOHVM and MRC-University of Glasgow Centre for Virus Research 
KP319226	China	-	-	Melogale moschata	-	Curation is part of the VGTK project, Curator: VGTK rabies team, SBOHVM and MRC-University of Glasgow Centre for Virus Research 
KP319225	China	-	-	Melogale moschata	-	Curation is part of the VGTK project, Curator: VGTK rabies team, SBOHVM and MRC-University of Glasgow Centre for Virus Research 
KP319224	China	-	-	Melogale moschata	-	Curation is part of the VGTK project, Curator: VGTK rabies team, SBOHVM and MRC-University of Glasgow Centre for Virus Research 
KP319223	China	-	-	Melogale moschata	-	Curation is part of the VGTK project, Curator: VGTK rabies team, SBOHVM and MRC-University of Glasgow Centre for Virus Research 
KP319222	China	-	-	Melogale moschata	-	Curation is part of the VGTK project, Curator: VGTK rabies team, SBOHVM and MRC-University of Glasgow Centre for Virus Research 
KP319221	China	-	-	Melogale moschata	-	Curation is part of the VGTK project, Curator: VGTK rabies team, SBOHVM and MRC-University of Glasgow Centre for Virus Research 
KP319220	China	-	-	Melogale moschata	-	Curation is part of the VGTK project, Curator: VGTK rabies team, SBOHVM and MRC-University of Glasgow Centre for Virus Research 
KP319219	China	-	-	Melogale moschata	-	Curation is part of the VGTK project, Curator: VGTK rabies team, SBOHVM and MRC-University of Glasgow Centre for Virus Research 
KP319218	China	-	-	Melogale moschata	-	Curation is part of the VGTK project, Curator: VGTK rabies team, SBOHVM and MRC-University of Glasgow Centre for Virus Research 
KP319217	China	-	-	Melogale moschata	-	Curation is part of the VGTK project, Curator: VGTK rabies team, SBOHVM and MRC-University of Glasgow Centre for Virus Research 
KP319216	China	-	-	Melogale moschata	-	Curation is part of the VGTK project, Curator: VGTK rabies team, SBOHVM and MRC-University of Glasgow Centre for Virus Research 
KP319215	China	-	-	Melogale moschata	-	Curation is part of the VGTK project, Curator: VGTK rabies team, SBOHVM and MRC-University of Glasgow Centre for Virus Research 
KP319214	China	-	-	Melogale moschata	-	Curation is part of the VGTK project, Curator: VGTK rabies team, SBOHVM and MRC-University of Glasgow Centre for Virus Research 
KP319213	China	-	-	Melogale moschata	-	Curation is part of the VGTK project, Curator: VGTK rabies team, SBOHVM and MRC-University of Glasgow Centre for Virus Research 
KP319212	China	-	-	Melogale moschata	-	Curation is part of the VGTK project, Curator: VGTK rabies team, SBOHVM and MRC-University of Glasgow Centre for Virus Research 
KP319211	China	-	-	Melogale moschata	-	Curation is part of the VGTK project, Curator: VGTK rabies team, SBOHVM and MRC-University of Glasgow Centre for Virus Research 
KP319210	China	-	-	Melogale moschata	-	Curation is part of the VGTK project, Curator: VGTK rabies team, SBOHVM and MRC-University of Glasgow Centre for Virus Research 
KP319209	China	-	-	Melogale moschata	-	Curation is part of the VGTK project, Curator: VGTK rabies team, SBOHVM and MRC-University of Glasgow Centre for Virus Research 
KP319208	China	-	-	Melogale moschata	-	Curation is part of the VGTK project, Curator: VGTK rabies team, SBOHVM and MRC-University of Glasgow Centre for Virus Research 
KP319207	China	-	-	Melogale moschata	-	Curation is part of the VGTK project, Curator: VGTK rabies team, SBOHVM and MRC-University of Glasgow Centre for Virus Research 
KP319206	China	-	-	Melogale moschata	-	Curation is part of the VGTK project, Curator: VGTK rabies team, SBOHVM and MRC-University of Glasgow Centre for Virus Research 
KP319205	China	-	-	Melogale moschata	-	Curation is part of the VGTK project, Curator: VGTK rabies team, SBOHVM and MRC-University of Glasgow Centre for Virus Research 
KP319204	China	-	-	Melogale moschata	-	Curation is part of the VGTK project, Curator: VGTK rabies team, SBOHVM and MRC-University of Glasgow Centre for Virus Research 
KP319203	China	-	-	Melogale moschata	-	Curation is part of the VGTK project, Curator: VGTK rabies team, SBOHVM and MRC-University of Glasgow Centre for Virus Research 
KP319202	China	-	-	Melogale moschata	-	Curation is part of the VGTK project, Curator: VGTK rabies team, SBOHVM and MRC-University of Glasgow Centre for Virus Research 
KP319201	China	-	-	Melogale moschata	-	Curation is part of the VGTK project, Curator: VGTK rabies team, SBOHVM and MRC-University of Glasgow Centre for Virus Research 
KP319200	China	-	-	Melogale moschata	-	Curation is part of the VGTK project, Curator: VGTK rabies team, SBOHVM and MRC-University of Glasgow Centre for Virus Research 
KP319199	China	-	-	Melogale moschata	-	Curation is part of the VGTK project, Curator: VGTK rabies team, SBOHVM and MRC-University of Glasgow Centre for Virus Research 
KP319198	China	-	-	Melogale moschata	-	Curation is part of the VGTK project, Curator: VGTK rabies team, SBOHVM and MRC-University of Glasgow Centre for Virus Research 
KP319197	China	-	-	Melogale moschata	-	Curation is part of the VGTK project, Curator: VGTK rabies team, SBOHVM and MRC-University of Glasgow Centre for Virus Research 
KP319196	China	-	-	Melogale moschata	-	Curation is part of the VGTK project, Curator: VGTK rabies team, SBOHVM and MRC-University of Glasgow Centre for Virus Research 
KP319195	China	-	-	Melogale moschata	-	Curation is part of the VGTK project, Curator: VGTK rabies team, SBOHVM and MRC-University of Glasgow Centre for Virus Research 
KP319194	China	-	-	Melogale moschata	-	Curation is part of the VGTK project, Curator: VGTK rabies team, SBOHVM and MRC-University of Glasgow Centre for Virus Research 
KP319193	China	-	-	Melogale moschata	-	Curation is part of the VGTK project, Curator: VGTK rabies team, SBOHVM and MRC-University of Glasgow Centre for Virus Research 
KP319192	China	-	-	Melogale moschata	-	Curation is part of the VGTK project, Curator: VGTK rabies team, SBOHVM and MRC-University of Glasgow Centre for Virus Research 
KP319191	China	-	-	Melogale moschata	-	Curation is part of the VGTK project, Curator: VGTK rabies team, SBOHVM and MRC-University of Glasgow Centre for Virus Research 
KP319190	China	-	-	Melogale moschata	-	Curation is part of the VGTK project, Curator: VGTK rabies team, SBOHVM and MRC-University of Glasgow Centre for Virus Research 
KP319189	China	-	-	Melogale moschata	-	Curation is part of the VGTK project, Curator: VGTK rabies team, SBOHVM and MRC-University of Glasgow Centre for Virus Research 
KP319188	China	-	-	Melogale moschata	-	Curation is part of the VGTK project, Curator: VGTK rabies team, SBOHVM and MRC-University of Glasgow Centre for Virus Research 
KP319187	China	-	-	Melogale moschata	-	Curation is part of the VGTK project, Curator: VGTK rabies team, SBOHVM and MRC-University of Glasgow Centre for Virus Research 
KP319186	China	-	-	Melogale moschata	-	Curation is part of the VGTK project, Curator: VGTK rabies team, SBOHVM and MRC-University of Glasgow Centre for Virus Research 
KP319185	China	-	-	Melogale moschata	-	Curation is part of the VGTK project, Curator: VGTK rabies team, SBOHVM and MRC-University of Glasgow Centre for Virus Research 
OR920351	Kenya	-	2021	goats	39468631	Curation is part of the VGTK project, Curator: VGTK rabies team, SBOHVM and MRC-University of Glasgow Centre for Virus Research 
OR920329	Kenya	-	2022	goats	39468631	Curation is part of the VGTK project, Curator: VGTK rabies team, SBOHVM and MRC-University of Glasgow Centre for Virus Research 
OR920310	Kenya	-	2022	goats	39468631	Curation is part of the VGTK project, Curator: VGTK rabies team, SBOHVM and MRC-University of Glasgow Centre for Virus Research 
OR920305	Kenya	-	2022	goats	39468631	Curation is part of the VGTK project, Curator: VGTK rabies team, SBOHVM and MRC-University of Glasgow Centre for Virus Research 
OR920299	Tanzania	-	2021	goats	39468631	Curation is part of the VGTK project, Curator: VGTK rabies team, SBOHVM and MRC-University of Glasgow Centre for Virus Research 
OR920276	Kenya	-	2022	goats	39468631	Curation is part of the VGTK project, Curator: VGTK rabies team, SBOHVM and MRC-University of Glasgow Centre for Virus Research 
OR920266	Kenya	-	2021	goats	39468631	Curation is part of the VGTK project, Curator: VGTK rabies team, SBOHVM and MRC-University of Glasgow Centre for Virus Research 
OR920251	Kenya	-	2022	goats	39468631	Curation is part of the VGTK project, Curator: VGTK rabies team, SBOHVM and MRC-University of Glasgow Centre for Virus Research 
OR920211	Kenya	-	2021	goats	39468631	Curation is part of the VGTK project, Curator: VGTK rabies team, SBOHVM and MRC-University of Glasgow Centre for Virus Research 
OR920205	Kenya	-	2021	goats	39468631	Curation is part of the VGTK project, Curator: VGTK rabies team, SBOHVM and MRC-University of Glasgow Centre for Virus Research 
AF369356	-	-	-	Silver-haired bat	12127791	Curation is part of the VGTK project, Curator: VGTK rabies team, SBOHVM and MRC-University of Glasgow Centre for Virus Research 
AF369346	-	-	-	Silver-haired bat	12127791	Curation is part of the VGTK project, Curator: VGTK rabies team, SBOHVM and MRC-University of Glasgow Centre for Virus Research 
AF369345	-	-	-	Silver-haired bat	12127791	Curation is part of the VGTK project, Curator: VGTK rabies team, SBOHVM and MRC-University of Glasgow Centre for Virus Research 
AF369351	-	-	-	little brown bat	12127791	Curation is part of the VGTK project, Curator: VGTK rabies team, SBOHVM and MRC-University of Glasgow Centre for Virus Research 
AF369358	-	-	-	little brown bat	12127791	Curation is part of the VGTK project, Curator: VGTK rabies team, SBOHVM and MRC-University of Glasgow Centre for Virus Research 
AF369354	-	-	-	Myotis evotis 	12127791	Curation is part of the VGTK project, Curator: VGTK rabies team, SBOHVM and MRC-University of Glasgow Centre for Virus Research 
AF369353	-	-	-	red fox	12127791	Curation is part of the VGTK project, Curator: VGTK rabies team, SBOHVM and MRC-University of Glasgow Centre for Virus Research 
AF369352	-	-	-	little brown bat	12127791	Curation is part of the VGTK project, Curator: VGTK rabies team, SBOHVM and MRC-University of Glasgow Centre for Virus Research 
AF369344	-	-	-	little brown bat	12127791	Curation is part of the VGTK project, Curator: VGTK rabies team, SBOHVM and MRC-University of Glasgow Centre for Virus Research 
AF369343	-	-	-	little brown bat	12127791	Curation is part of the VGTK project, Curator: VGTK rabies team, SBOHVM and MRC-University of Glasgow Centre for Virus Research 
AF369347	-	-	-	hoary bat	12127791	Curation is part of the VGTK project, Curator: VGTK rabies team, SBOHVM and MRC-University of Glasgow Centre for Virus Research 
MW055101	USA	-	2017	common vampire bat	33158200	Curation is part of the VGTK project, Curator: VGTK rabies team, SBOHVM and MRC-University of Glasgow Centre for Virus Research 
MW055100	USA	-	2017	common vampire bat	33158200	Curation is part of the VGTK project, Curator: VGTK rabies team, SBOHVM and MRC-University of Glasgow Centre for Virus Research 
MW055098	USA	-	-	common vampire bat	33158200	Curation is part of the VGTK project, Curator: VGTK rabies team, SBOHVM and MRC-University of Glasgow Centre for Virus Research 
MW055097	USA	-	-	common vampire bat	33158200	Curation is part of the VGTK project, Curator: VGTK rabies team, SBOHVM and MRC-University of Glasgow Centre for Virus Research 
MW055096	USA	-	-	common vampire bat	33158200	Curation is part of the VGTK project, Curator: VGTK rabies team, SBOHVM and MRC-University of Glasgow Centre for Virus Research 
MW055092	USA	-	-	common vampire bat	33158200	Curation is part of the VGTK project, Curator: VGTK rabies team, SBOHVM and MRC-University of Glasgow Centre for Virus Research 
MW055090	USA	-	-	common vampire bat	33158200	Curation is part of the VGTK project, Curator: VGTK rabies team, SBOHVM and MRC-University of Glasgow Centre for Virus Research 
MW055089	USA	-	-	common vampire bat	33158200	Curation is part of the VGTK project, Curator: VGTK rabies team, SBOHVM and MRC-University of Glasgow Centre for Virus Research 
MW055088	USA	-	2017	common vampire bat	33158200	Curation is part of the VGTK project, Curator: VGTK rabies team, SBOHVM and MRC-University of Glasgow Centre for Virus Research 
KX531076	Brazil	-	2005	Artibeus	28108804	Curation is part of the VGTK project, Curator: VGTK rabies team, SBOHVM and MRC-University of Glasgow Centre for Virus Research 
KX531074	Brazil	-	2006	Artibeus	28108804	Curation is part of the VGTK project, Curator: VGTK rabies team, SBOHVM and MRC-University of Glasgow Centre for Virus Research 
KX531073	Brazil	-	2006	Artibeus	28108804	Curation is part of the VGTK project, Curator: VGTK rabies team, SBOHVM and MRC-University of Glasgow Centre for Virus Research 
KX531067	Brazil	-	2007	Artibeus	28108804	Curation is part of the VGTK project, Curator: VGTK rabies team, SBOHVM and MRC-University of Glasgow Centre for Virus Research 
JF682413	Brazil	-	-	Artibeus	23146155	Curation is part of the VGTK project, Curator: VGTK rabies team, SBOHVM and MRC-University of Glasgow Centre for Virus Research 
JF682405	Brazil	-	-	Artibeus	23146155	Curation is part of the VGTK project, Curator: VGTK rabies team, SBOHVM and MRC-University of Glasgow Centre for Virus Research 
JF682401	Brazil	-	-	Artibeus	23146155	Curation is part of the VGTK project, Curator: VGTK rabies team, SBOHVM and MRC-University of Glasgow Centre for Virus Research 
JF682400	Brazil	-	-	Artibeus	23146155	Curation is part of the VGTK project, Curator: VGTK rabies team, SBOHVM and MRC-University of Glasgow Centre for Virus Research 
JF682397	Brazil	-	-	Artibeus	23146155	Curation is part of the VGTK project, Curator: VGTK rabies team, SBOHVM and MRC-University of Glasgow Centre for Virus Research 
JF682396	Brazil	-	-	Artibeus	23146155	Curation is part of the VGTK project, Curator: VGTK rabies team, SBOHVM and MRC-University of Glasgow Centre for Virus Research 
JF682392	Brazil	-	-	Artibeus	23146155	Curation is part of the VGTK project, Curator: VGTK rabies team, SBOHVM and MRC-University of Glasgow Centre for Virus Research 
JF682445	Brazil	-	-	Artibeus	23146155	Curation is part of the VGTK project, Curator: VGTK rabies team, SBOHVM and MRC-University of Glasgow Centre for Virus Research 
JF682440	Brazil	-	-	Artibeus	23146155	Curation is part of the VGTK project, Curator: VGTK rabies team, SBOHVM and MRC-University of Glasgow Centre for Virus Research 
JF682436	Brazil	-	-	Artibeus	23146155	Curation is part of the VGTK project, Curator: VGTK rabies team, SBOHVM and MRC-University of Glasgow Centre for Virus Research 
JF682435	Brazil	-	-	Artibeus	23146155	Curation is part of the VGTK project, Curator: VGTK rabies team, SBOHVM and MRC-University of Glasgow Centre for Virus Research 
JF682432	Brazil	-	-	Artibeus	23146155	Curation is part of the VGTK project, Curator: VGTK rabies team, SBOHVM and MRC-University of Glasgow Centre for Virus Research 
JF682431	Brazil	-	-	Artibeus	23146155	Curation is part of the VGTK project, Curator: VGTK rabies team, SBOHVM and MRC-University of Glasgow Centre for Virus Research 
JF682427	Brazil	-	-	Artibeus	23146155	Curation is part of the VGTK project, Curator: VGTK rabies team, SBOHVM and MRC-University of Glasgow Centre for Virus Research 
EU163390	South Africa	-	-	dogs	19428751	Curation is part of the VGTK project, Curator: VGTK rabies team, SBOHVM and MRC-University of Glasgow Centre for Virus Research 
EU163389	South Africa	-	-	dogs	19428751	Curation is part of the VGTK project, Curator: VGTK rabies team, SBOHVM and MRC-University of Glasgow Centre for Virus Research 
EU163388	South Africa	-	-	dogs	19428751	Curation is part of the VGTK project, Curator: VGTK rabies team, SBOHVM and MRC-University of Glasgow Centre for Virus Research 
EU163387	South Africa	-	-	dogs	19428751	Curation is part of the VGTK project, Curator: VGTK rabies team, SBOHVM and MRC-University of Glasgow Centre for Virus Research 
EU163327	South Africa	-	-	dogs	19428751	Curation is part of the VGTK project, Curator: VGTK rabies team, SBOHVM and MRC-University of Glasgow Centre for Virus Research 
DQ280346	India	-	-	humans	16504574	Curation is part of the VGTK project, Curator: VGTK rabies team, SBOHVM and MRC-University of Glasgow Centre for Virus Research 
DQ280343	India	-	-	humans	16504574	Curation is part of the VGTK project, Curator: VGTK rabies team, SBOHVM and MRC-University of Glasgow Centre for Virus Research 
DQ280342	India	-	-	humans	16504574	Curation is part of the VGTK project, Curator: VGTK rabies team, SBOHVM and MRC-University of Glasgow Centre for Virus Research 
DQ280341	India	-	-	humans	16504574	Curation is part of the VGTK project, Curator: VGTK rabies team, SBOHVM and MRC-University of Glasgow Centre for Virus Research 
DQ280340	India	-	-	humans	16504574	Curation is part of the VGTK project, Curator: VGTK rabies team, SBOHVM and MRC-University of Glasgow Centre for Virus Research 
DQ280339	India	-	-	humans	16504574	Curation is part of the VGTK project, Curator: VGTK rabies team, SBOHVM and MRC-University of Glasgow Centre for Virus Research 
DQ280335	India	-	-	humans		Curation is part of the VGTK project, Curator: VGTK rabies team, SBOHVM and MRC-University of Glasgow Centre for Virus Research 
DQ280333	India	-	-	humans		Curation is part of the VGTK project, Curator: VGTK rabies team, SBOHVM and MRC-University of Glasgow Centre for Virus Research 
AY649913	-	-	1998	Canis familiaris	-	Curation is part of the VGTK project, Curator: VGTK rabies team, SBOHVM and MRC-University of Glasgow Centre for Virus Research 
AY649912	-	-	1998	Canis familiaris	-	Curation is part of the VGTK project, Curator: VGTK rabies team, SBOHVM and MRC-University of Glasgow Centre for Virus Research 
AY649911	-	-	1998	Canis familiaris	-	Curation is part of the VGTK project, Curator: VGTK rabies team, SBOHVM and MRC-University of Glasgow Centre for Virus Research 
AY649910	-	-	1998	Canis familiaris	-	Curation is part of the VGTK project, Curator: VGTK rabies team, SBOHVM and MRC-University of Glasgow Centre for Virus Research 
AY649909	-	-	1997	Canis familiaris	-	Curation is part of the VGTK project, Curator: VGTK rabies team, SBOHVM and MRC-University of Glasgow Centre for Virus Research 
AY649908	-	-	1997	Canis familiaris	-	Curation is part of the VGTK project, Curator: VGTK rabies team, SBOHVM and MRC-University of Glasgow Centre for Virus Research 
AY649907	-	-	1997	Canis familiaris	-	Curation is part of the VGTK project, Curator: VGTK rabies team, SBOHVM and MRC-University of Glasgow Centre for Virus Research 
AY649906	-	-	1997	Canis familiaris	-	Curation is part of the VGTK project, Curator: VGTK rabies team, SBOHVM and MRC-University of Glasgow Centre for Virus Research 
AY649905	-	-	1997	Canis familiaris	-	Curation is part of the VGTK project, Curator: VGTK rabies team, SBOHVM and MRC-University of Glasgow Centre for Virus Research 
AY649904	-	-	1997	Canis familiaris	-	Curation is part of the VGTK project, Curator: VGTK rabies team, SBOHVM and MRC-University of Glasgow Centre for Virus Research 
AY649903	-	-	1997	Canis familiaris	-	Curation is part of the VGTK project, Curator: VGTK rabies team, SBOHVM and MRC-University of Glasgow Centre for Virus Research 
AY649902	-	-	1996	Canis familiaris	-	Curation is part of the VGTK project, Curator: VGTK rabies team, SBOHVM and MRC-University of Glasgow Centre for Virus Research 
AY649901	-	-	1996	Canis familiaris	-	Curation is part of the VGTK project, Curator: VGTK rabies team, SBOHVM and MRC-University of Glasgow Centre for Virus Research 
AY649900	-	-	1996	Canis familiaris	-	Curation is part of the VGTK project, Curator: VGTK rabies team, SBOHVM and MRC-University of Glasgow Centre for Virus Research 
AY649899	-	-	1996	Canis familiaris	-	Curation is part of the VGTK project, Curator: VGTK rabies team, SBOHVM and MRC-University of Glasgow Centre for Virus Research 
AY649898	-	-	1996	Canis familiaris	-	Curation is part of the VGTK project, Curator: VGTK rabies team, SBOHVM and MRC-University of Glasgow Centre for Virus Research 
AY649897	-	-	1996	Canis familiaris	-	Curation is part of the VGTK project, Curator: VGTK rabies team, SBOHVM and MRC-University of Glasgow Centre for Virus Research 
AY649896	-	-	1995	Canis familiaris	-	Curation is part of the VGTK project, Curator: VGTK rabies team, SBOHVM and MRC-University of Glasgow Centre for Virus Research 
AY649895	-	-	1995	Canis familiaris	-	Curation is part of the VGTK project, Curator: VGTK rabies team, SBOHVM and MRC-University of Glasgow Centre for Virus Research 
AY649894	-	-	1995	Canis familiaris	-	Curation is part of the VGTK project, Curator: VGTK rabies team, SBOHVM and MRC-University of Glasgow Centre for Virus Research 
AY649893	-	-	1995	Canis familiaris	-	Curation is part of the VGTK project, Curator: VGTK rabies team, SBOHVM and MRC-University of Glasgow Centre for Virus Research 
AY649892	-	-	1995	Canis familiaris	-	Curation is part of the VGTK project, Curator: VGTK rabies team, SBOHVM and MRC-University of Glasgow Centre for Virus Research 
AY649891	-	-	1995	Canis familiaris	-	Curation is part of the VGTK project, Curator: VGTK rabies team, SBOHVM and MRC-University of Glasgow Centre for Virus Research 
AY649890	-	-	1994	Canis familiaris	-	Curation is part of the VGTK project, Curator: VGTK rabies team, SBOHVM and MRC-University of Glasgow Centre for Virus Research 
AY649889	-	-	1994	Canis familiaris	-	Curation is part of the VGTK project, Curator: VGTK rabies team, SBOHVM and MRC-University of Glasgow Centre for Virus Research 
AY649888	-	-	1994	Canis familiaris	-	Curation is part of the VGTK project, Curator: VGTK rabies team, SBOHVM and MRC-University of Glasgow Centre for Virus Research 
AY649887	-	-	1994	Canis familiaris	-	Curation is part of the VGTK project, Curator: VGTK rabies team, SBOHVM and MRC-University of Glasgow Centre for Virus Research 
AY649886	-	-	1994	Canis familiaris	-	Curation is part of the VGTK project, Curator: VGTK rabies team, SBOHVM and MRC-University of Glasgow Centre for Virus Research 
AY649885	-	-	1994	Canis familiaris	-	Curation is part of the VGTK project, Curator: VGTK rabies team, SBOHVM and MRC-University of Glasgow Centre for Virus Research 
AY649884	-	-	1993	Canis familiaris	-	Curation is part of the VGTK project, Curator: VGTK rabies team, SBOHVM and MRC-University of Glasgow Centre for Virus Research 
AY649883	-	-	1993	Canis familiaris	-	Curation is part of the VGTK project, Curator: VGTK rabies team, SBOHVM and MRC-University of Glasgow Centre for Virus Research 
AY649882	-	-	1993	Canis familiaris	-	Curation is part of the VGTK project, Curator: VGTK rabies team, SBOHVM and MRC-University of Glasgow Centre for Virus Research 
AY649881	-	-	1993	Canis familiaris	-	Curation is part of the VGTK project, Curator: VGTK rabies team, SBOHVM and MRC-University of Glasgow Centre for Virus Research 
AY649880	-	-	1993	Canis familiaris	-	Curation is part of the VGTK project, Curator: VGTK rabies team, SBOHVM and MRC-University of Glasgow Centre for Virus Research 
AY649879	-	-	1993	Canis familiaris	-	Curation is part of the VGTK project, Curator: VGTK rabies team, SBOHVM and MRC-University of Glasgow Centre for Virus Research 
AY649878	-	-	1993	Canis familiaris	-	Curation is part of the VGTK project, Curator: VGTK rabies team, SBOHVM and MRC-University of Glasgow Centre for Virus Research 
AY649877	-	-	1993	Canis familiaris	-	Curation is part of the VGTK project, Curator: VGTK rabies team, SBOHVM and MRC-University of Glasgow Centre for Virus Research 
AY649876	-	-	1993	Canis familiaris	-	Curation is part of the VGTK project, Curator: VGTK rabies team, SBOHVM and MRC-University of Glasgow Centre for Virus Research 
AY649875	-	-	1993	Canis familiaris	-	Curation is part of the VGTK project, Curator: VGTK rabies team, SBOHVM and MRC-University of Glasgow Centre for Virus Research 
AY649874	-	-	1993	Canis familiaris	-	Curation is part of the VGTK project, Curator: VGTK rabies team, SBOHVM and MRC-University of Glasgow Centre for Virus Research 
AY353897	South Africa	-	2001	Canis familiaris	-	Curation is part of the VGTK project, Curator: VGTK rabies team, SBOHVM and MRC-University of Glasgow Centre for Virus Research 
AY353893	South Africa	-	2001	Canis familiaris	-	Curation is part of the VGTK project, Curator: VGTK rabies team, SBOHVM and MRC-University of Glasgow Centre for Virus Research 
AY353892	South Africa	-	2001	Canis familiaris	-	Curation is part of the VGTK project, Curator: VGTK rabies team, SBOHVM and MRC-University of Glasgow Centre for Virus Research 
AY353891	South Africa	-	2001	Canis familiaris	-	Curation is part of the VGTK project, Curator: VGTK rabies team, SBOHVM and MRC-University of Glasgow Centre for Virus Research 
AY353890	South Africa	-	2001	Canis familiaris	-	Curation is part of the VGTK project, Curator: VGTK rabies team, SBOHVM and MRC-University of Glasgow Centre for Virus Research 
AY353886	South Africa	-	2000	Canis familiaris	-	Curation is part of the VGTK project, Curator: VGTK rabies team, SBOHVM and MRC-University of Glasgow Centre for Virus Research 
AY353885	South Africa	-	2000	Canis familiaris	-	Curation is part of the VGTK project, Curator: VGTK rabies team, SBOHVM and MRC-University of Glasgow Centre for Virus Research 
AY353884	South Africa	-	2000	Canis familiaris	-	Curation is part of the VGTK project, Curator: VGTK rabies team, SBOHVM and MRC-University of Glasgow Centre for Virus Research 
AY353883	South Africa	-	2000	Canis familiaris	-	Curation is part of the VGTK project, Curator: VGTK rabies team, SBOHVM and MRC-University of Glasgow Centre for Virus Research 
AY353882	South Africa	-	2000	Canis familiaris	-	Curation is part of the VGTK project, Curator: VGTK rabies team, SBOHVM and MRC-University of Glasgow Centre for Virus Research 
AY353880	South Africa	-	2000	Canis familiaris	-	Curation is part of the VGTK project, Curator: VGTK rabies team, SBOHVM and MRC-University of Glasgow Centre for Virus Research 
AY353879	South Africa	-	2000	Canis familiaris	-	Curation is part of the VGTK project, Curator: VGTK rabies team, SBOHVM and MRC-University of Glasgow Centre for Virus Research 
AY353878	South Africa	-	2000	Canis familiaris	-	Curation is part of the VGTK project, Curator: VGTK rabies team, SBOHVM and MRC-University of Glasgow Centre for Virus Research 
AY353875	South Africa	-	2000	Canis familiaris	-	Curation is part of the VGTK project, Curator: VGTK rabies team, SBOHVM and MRC-University of Glasgow Centre for Virus Research 
AY353874	South Africa	-	2000	Canis familiaris	-	Curation is part of the VGTK project, Curator: VGTK rabies team, SBOHVM and MRC-University of Glasgow Centre for Virus Research 
AY353873	South Africa	-	2000	Canis familiaris	-	Curation is part of the VGTK project, Curator: VGTK rabies team, SBOHVM and MRC-University of Glasgow Centre for Virus Research 
AY353872	South Africa	-	2000	Canis familiaris	-	Curation is part of the VGTK project, Curator: VGTK rabies team, SBOHVM and MRC-University of Glasgow Centre for Virus Research 
AY353871	South Africa	-	2000	Canis familiaris	-	Curation is part of the VGTK project, Curator: VGTK rabies team, SBOHVM and MRC-University of Glasgow Centre for Virus Research 
AY353870	South Africa	-	2000	Canis familiaris	-	Curation is part of the VGTK project, Curator: VGTK rabies team, SBOHVM and MRC-University of Glasgow Centre for Virus Research 
AY353869	South Africa	-	2000	Canis familiaris	-	Curation is part of the VGTK project, Curator: VGTK rabies team, SBOHVM and MRC-University of Glasgow Centre for Virus Research 
AY353868	South Africa	-	2000	Canis familiaris	-	Curation is part of the VGTK project, Curator: VGTK rabies team, SBOHVM and MRC-University of Glasgow Centre for Virus Research 
AY353867	South Africa	-	2000	Canis familiaris	-	Curation is part of the VGTK project, Curator: VGTK rabies team, SBOHVM and MRC-University of Glasgow Centre for Virus Research 
AY353866	South Africa	-	2000	Canis familiaris	-	Curation is part of the VGTK project, Curator: VGTK rabies team, SBOHVM and MRC-University of Glasgow Centre for Virus Research 
AY353865	South Africa	-	2000	Canis familiaris	-	Curation is part of the VGTK project, Curator: VGTK rabies team, SBOHVM and MRC-University of Glasgow Centre for Virus Research 
AY353863	South Africa	-	2000	Canis familiaris	-	Curation is part of the VGTK project, Curator: VGTK rabies team, SBOHVM and MRC-University of Glasgow Centre for Virus Research 
AY353859	South Africa	-	1999	Canis familiaris	-	Curation is part of the VGTK project, Curator: VGTK rabies team, SBOHVM and MRC-University of Glasgow Centre for Virus Research 
AY353858	South Africa	-	1999	Canis familiaris	-	Curation is part of the VGTK project, Curator: VGTK rabies team, SBOHVM and MRC-University of Glasgow Centre for Virus Research 
AY353857	South Africa	-	1999	Canis familiaris	-	Curation is part of the VGTK project, Curator: VGTK rabies team, SBOHVM and MRC-University of Glasgow Centre for Virus Research 
AY352515	South Africa	-	1999	Canis familiaris	-	Curation is part of the VGTK project, Curator: VGTK rabies team, SBOHVM and MRC-University of Glasgow Centre for Virus Research 
AY352511	South Africa	-	1999	Canis familiaris	-	Curation is part of the VGTK project, Curator: VGTK rabies team, SBOHVM and MRC-University of Glasgow Centre for Virus Research 
AY352510	South Africa	-	1999	Canis familiaris	-	Curation is part of the VGTK project, Curator: VGTK rabies team, SBOHVM and MRC-University of Glasgow Centre for Virus Research 
AY352509	South Africa	-	1999	Canis familiaris	-	Curation is part of the VGTK project, Curator: VGTK rabies team, SBOHVM and MRC-University of Glasgow Centre for Virus Research 
AY352508	South Africa	-	1999	Canis familiaris	-	Curation is part of the VGTK project, Curator: VGTK rabies team, SBOHVM and MRC-University of Glasgow Centre for Virus Research 
AY352507	South Africa	-	1999	Canis familiaris	-	Curation is part of the VGTK project, Curator: VGTK rabies team, SBOHVM and MRC-University of Glasgow Centre for Virus Research 
AY352506	South Africa	-	1999	Canis familiaris	-	Curation is part of the VGTK project, Curator: VGTK rabies team, SBOHVM and MRC-University of Glasgow Centre for Virus Research 
AY352503	South Africa	-	1999	Canis familiaris	-	Curation is part of the VGTK project, Curator: VGTK rabies team, SBOHVM and MRC-University of Glasgow Centre for Virus Research 
AY352497	South Africa	-	1999	Canis familiaris	-	Curation is part of the VGTK project, Curator: VGTK rabies team, SBOHVM and MRC-University of Glasgow Centre for Virus Research 
AY352492	South Africa	-	1999	Canis familiaris	-	Curation is part of the VGTK project, Curator: VGTK rabies team, SBOHVM and MRC-University of Glasgow Centre for Virus Research 
AY352491	South Africa	-	1999	Canis familiaris	-	Curation is part of the VGTK project, Curator: VGTK rabies team, SBOHVM and MRC-University of Glasgow Centre for Virus Research 
AY352490	South Africa	-	1999	Canis familiaris	-	Curation is part of the VGTK project, Curator: VGTK rabies team, SBOHVM and MRC-University of Glasgow Centre for Virus Research 
AY352489	South Africa	-	1999	Canis familiaris	-	Curation is part of the VGTK project, Curator: VGTK rabies team, SBOHVM and MRC-University of Glasgow Centre for Virus Research 
AY352485	South Africa	-	1999	Canis familiaris	-	Curation is part of the VGTK project, Curator: VGTK rabies team, SBOHVM and MRC-University of Glasgow Centre for Virus Research 
AY352484	South Africa	-	1999	Canis familiaris	-	Curation is part of the VGTK project, Curator: VGTK rabies team, SBOHVM and MRC-University of Glasgow Centre for Virus Research 
AY352483	South Africa	-	1999	Canis familiaris	-	Curation is part of the VGTK project, Curator: VGTK rabies team, SBOHVM and MRC-University of Glasgow Centre for Virus Research 
AY352482	South Africa	-	1999	Canis familiaris	-	Curation is part of the VGTK project, Curator: VGTK rabies team, SBOHVM and MRC-University of Glasgow Centre for Virus Research 
AY352481	South Africa	-	1999	Canis familiaris	-	Curation is part of the VGTK project, Curator: VGTK rabies team, SBOHVM and MRC-University of Glasgow Centre for Virus Research 
AY352479	South Africa	-	1999	Canis familiaris	-	Curation is part of the VGTK project, Curator: VGTK rabies team, SBOHVM and MRC-University of Glasgow Centre for Virus Research 
AY352478	South Africa	-	1999	Canis familiaris	-	Curation is part of the VGTK project, Curator: VGTK rabies team, SBOHVM and MRC-University of Glasgow Centre for Virus Research 
AY352477	South Africa	-	1999	Canis familiaris	-	Curation is part of the VGTK project, Curator: VGTK rabies team, SBOHVM and MRC-University of Glasgow Centre for Virus Research 
AY352476	South Africa	-	1999	Canis familiaris	-	Curation is part of the VGTK project, Curator: VGTK rabies team, SBOHVM and MRC-University of Glasgow Centre for Virus Research 
AY352473	South Africa	-	1999	Canis familiaris	-	Curation is part of the VGTK project, Curator: VGTK rabies team, SBOHVM and MRC-University of Glasgow Centre for Virus Research 
AY352472	South Africa	-	1999	Canis familiaris	-	Curation is part of the VGTK project, Curator: VGTK rabies team, SBOHVM and MRC-University of Glasgow Centre for Virus Research 
AY352471	South Africa	-	1999	Canis familiaris	-	Curation is part of the VGTK project, Curator: VGTK rabies team, SBOHVM and MRC-University of Glasgow Centre for Virus Research 
AY352470	South Africa	-	1999	Canis familiaris	-	Curation is part of the VGTK project, Curator: VGTK rabies team, SBOHVM and MRC-University of Glasgow Centre for Virus Research 
AY352469	South Africa	-	1999	Canis familiaris	-	Curation is part of the VGTK project, Curator: VGTK rabies team, SBOHVM and MRC-University of Glasgow Centre for Virus Research 
AY352468	South Africa	-	1999	Canis familiaris	-	Curation is part of the VGTK project, Curator: VGTK rabies team, SBOHVM and MRC-University of Glasgow Centre for Virus Research 
AY352467	South Africa	-	1999	Canis familiaris	-	Curation is part of the VGTK project, Curator: VGTK rabies team, SBOHVM and MRC-University of Glasgow Centre for Virus Research 
AY352466	South Africa	-	1999	Canis familiaris	-	Curation is part of the VGTK project, Curator: VGTK rabies team, SBOHVM and MRC-University of Glasgow Centre for Virus Research 
AY352465	South Africa	-	1999	Canis familiaris	-	Curation is part of the VGTK project, Curator: VGTK rabies team, SBOHVM and MRC-University of Glasgow Centre for Virus Research 
AY352464	South Africa	-	1999	Canis familiaris	-	Curation is part of the VGTK project, Curator: VGTK rabies team, SBOHVM and MRC-University of Glasgow Centre for Virus Research 
AY352463	South Africa	-	1999	Canis familiaris	-	Curation is part of the VGTK project, Curator: VGTK rabies team, SBOHVM and MRC-University of Glasgow Centre for Virus Research 
AY352461	South Africa	-	1999	Canis familiaris	-	Curation is part of the VGTK project, Curator: VGTK rabies team, SBOHVM and MRC-University of Glasgow Centre for Virus Research 
AY352457	South Africa	-	1999	Canis familiaris	-	Curation is part of the VGTK project, Curator: VGTK rabies team, SBOHVM and MRC-University of Glasgow Centre for Virus Research 
AY352456	South Africa	-	1999	Canis familiaris	-	Curation is part of the VGTK project, Curator: VGTK rabies team, SBOHVM and MRC-University of Glasgow Centre for Virus Research 
AY352455	South Africa	-	1999	Canis familiaris	-	Curation is part of the VGTK project, Curator: VGTK rabies team, SBOHVM and MRC-University of Glasgow Centre for Virus Research 
AY224182	Iran	-	2000	Bos taurus	-	Curation is part of the VGTK project, Curator: VGTK rabies team, SBOHVM and MRC-University of Glasgow Centre for Virus Research 
AY224181	Iran	-	2000	Bos taurus	-	Curation is part of the VGTK project, Curator: VGTK rabies team, SBOHVM and MRC-University of Glasgow Centre for Virus Research 
AY224180	Iran	-	2000	-	-	Curation is part of the VGTK project, Curator: VGTK rabies team, SBOHVM and MRC-University of Glasgow Centre for Virus Research 
AY224152	Iran	-	2000	Bos taurus	-	Curation is part of the VGTK project, Curator: VGTK rabies team, SBOHVM and MRC-University of Glasgow Centre for Virus Research 
AY224151	Iran	-	2000	Canis lupus familiaris	-	Curation is part of the VGTK project, Curator: VGTK rabies team, SBOHVM and MRC-University of Glasgow Centre for Virus Research 
AY224150	Iran	-	2000	Canis lupus familiaris	-	Curation is part of the VGTK project, Curator: VGTK rabies team, SBOHVM and MRC-University of Glasgow Centre for Virus Research 
AY224149	Iran	-	2000	-	-	Curation is part of the VGTK project, Curator: VGTK rabies team, SBOHVM and MRC-University of Glasgow Centre for Virus Research 
AY224148	Iran	-	2000	Bos taurus	-	Curation is part of the VGTK project, Curator: VGTK rabies team, SBOHVM and MRC-University of Glasgow Centre for Virus Research 
AY224147	Iran	-	2000	Canis lupus familiaris	-	Curation is part of the VGTK project, Curator: VGTK rabies team, SBOHVM and MRC-University of Glasgow Centre for Virus Research 
AY224146	Iran	-	2000	-	-	Curation is part of the VGTK project, Curator: VGTK rabies team, SBOHVM and MRC-University of Glasgow Centre for Virus Research 
AY224145	Iran	-	2000	Canis lupus	-	Curation is part of the VGTK project, Curator: VGTK rabies team, SBOHVM and MRC-University of Glasgow Centre for Virus Research 
AY224144	Iran	-	2000	-	-	Curation is part of the VGTK project, Curator: VGTK rabies team, SBOHVM and MRC-University of Glasgow Centre for Virus Research 
AY224143	Iran	-	2000	-	-	Curation is part of the VGTK project, Curator: VGTK rabies team, SBOHVM and MRC-University of Glasgow Centre for Virus Research 
AY224142	Iran	-	2000	Bos taurus	-	Curation is part of the VGTK project, Curator: VGTK rabies team, SBOHVM and MRC-University of Glasgow Centre for Virus Research 
AY224141	Iran	-	2000	Canis sp	-	Curation is part of the VGTK project, Curator: VGTK rabies team, SBOHVM and MRC-University of Glasgow Centre for Virus Research 
AY224140	Iran	-	2000	Bos taurus	-	Curation is part of the VGTK project, Curator: VGTK rabies team, SBOHVM and MRC-University of Glasgow Centre for Virus Research 
AY224139	Iran	-	2000	Bos taurus	-	Curation is part of the VGTK project, Curator: VGTK rabies team, SBOHVM and MRC-University of Glasgow Centre for Virus Research 
AF079909	South Africa	Postmasburg	1992	genetta	-	Curation is part of the VGTK project, Curator: VGTK rabies team, SBOHVM and MRC-University of Glasgow Centre for Virus Research 
AF079910	Africa	Hay	1995	Felis lybica	-	Curation is part of the VGTK project, Curator: VGTK rabies team, SBOHVM and MRC-University of Glasgow Centre for Virus Research 
AF079911	South Africa	Beaufort west	1991	Atilax paludinosus	-	Curation is part of the VGTK project, Curator: VGTK rabies team, SBOHVM and MRC-University of Glasgow Centre for Virus Research 
AF079912	Africa	Postmasburg	1992	Genetta genetta	-	Curation is part of the VGTK project, Curator: VGTK rabies team, SBOHVM and MRC-University of Glasgow Centre for Virus Research 
AF079914	Africa	Kuruman	1990	Felis sp.	-	Curation is part of the VGTK project, Curator: VGTK rabies team, SBOHVM and MRC-University of Glasgow Centre for Virus Research 
AF079915	Africa	Malmesbury	1991	Otocyon megalotis	-	Curation is part of the VGTK project, Curator: VGTK rabies team, SBOHVM and MRC-University of Glasgow Centre for Virus Research 
KF864416	Argentina	-	1998	Bovine	-	Curation is part of the VGTK project, Curator: VGTK rabies team, SBOHVM and MRC-University of Glasgow Centre for Virus Research 
KF864417	Argentina	-	2003	Bovine	-	Curation is part of the VGTK project, Curator: VGTK rabies team, SBOHVM and MRC-University of Glasgow Centre for Virus Research 
KF864418	Argentina	Potrero de los Caballos	2001	Bovine	-	Curation is part of the VGTK project, Curator: VGTK rabies team, SBOHVM and MRC-University of Glasgow Centre for Virus Research 
KF864419	Argentina	Posadas	2002	Canine	-	Curation is part of the VGTK project, Curator: VGTK rabies team, SBOHVM and MRC-University of Glasgow Centre for Virus Research 
KF864420	Argentina	Estanislao del Campo	2002	Bovine	-	Curation is part of the VGTK project, Curator: VGTK rabies team, SBOHVM and MRC-University of Glasgow Centre for Virus Research 
KF864421	Argentina	Cañada Ombú	2002	Bovine	-	Curation is part of the VGTK project, Curator: VGTK rabies team, SBOHVM and MRC-University of Glasgow Centre for Virus Research 
KF864422	Argentina	-	2000	Bovine	-	Curation is part of the VGTK project, Curator: VGTK rabies team, SBOHVM and MRC-University of Glasgow Centre for Virus Research 
KF864423	Argentina	Saladas	1999	Buffalo	-	Curation is part of the VGTK project, Curator: VGTK rabies team, SBOHVM and MRC-University of Glasgow Centre for Virus Research 
KF864424	Argentina	Las Garcitas	1999	Equine	-	Curation is part of the VGTK project, Curator: VGTK rabies team, SBOHVM and MRC-University of Glasgow Centre for Virus Research 
KF864425	Argentina	Puerto Pilcomayo	1999	Bovine	-	Curation is part of the VGTK project, Curator: VGTK rabies team, SBOHVM and MRC-University of Glasgow Centre for Virus Research 
KF864426	Argentina	Colonia Romero	2000	Bovine	-	Curation is part of the VGTK project, Curator: VGTK rabies team, SBOHVM and MRC-University of Glasgow Centre for Virus Research 
KF864427	Argentina	Gral. José de San Martín	2000	Bovine	-	Curation is part of the VGTK project, Curator: VGTK rabies team, SBOHVM and MRC-University of Glasgow Centre for Virus Research 
KF864428	Argentina	-	2006	Bovine	-	Curation is part of the VGTK project, Curator: VGTK rabies team, SBOHVM and MRC-University of Glasgow Centre for Virus Research 
KF864429	Argentina	Padre Lozano	2006	Bovine	-	Curation is part of the VGTK project, Curator: VGTK rabies team, SBOHVM and MRC-University of Glasgow Centre for Virus Research 
KF864430	Argentina	-	2006	Equine	-	Curation is part of the VGTK project, Curator: VGTK rabies team, SBOHVM and MRC-University of Glasgow Centre for Virus Research 
KF864431	Argentina	Machagai	2006	Bovine	-	Curation is part of the VGTK project, Curator: VGTK rabies team, SBOHVM and MRC-University of Glasgow Centre for Virus Research 
KF864432	Argentina	Puerto Velaz	2000	Bovine	-	Curation is part of the VGTK project, Curator: VGTK rabies team, SBOHVM and MRC-University of Glasgow Centre for Virus Research 
KF864433	Argentina	San Luis del Palmar	2006	Bovine	-	Curation is part of the VGTK project, Curator: VGTK rabies team, SBOHVM and MRC-University of Glasgow Centre for Virus Research 
KF864434	Argentina	Pirané	2000	Bovine	-	Curation is part of the VGTK project, Curator: VGTK rabies team, SBOHVM and MRC-University of Glasgow Centre for Virus Research 
KF864435	Argentina	Colonia Mixta	2000	Bovine	-	Curation is part of the VGTK project, Curator: VGTK rabies team, SBOHVM and MRC-University of Glasgow Centre for Virus Research 
KF864436	Argentina	Colonia Mixta	2000	Bovine	-	Curation is part of the VGTK project, Curator: VGTK rabies team, SBOHVM and MRC-University of Glasgow Centre for Virus Research 
KF864437	Argentina	Concepción	2000	Bovine	-	Curation is part of the VGTK project, Curator: VGTK rabies team, SBOHVM and MRC-University of Glasgow Centre for Virus Research 
KF864438	Argentina	Colonia Mixta	2000	Bovine	-	Curation is part of the VGTK project, Curator: VGTK rabies team, SBOHVM and MRC-University of Glasgow Centre for Virus Research 
KF864439	Argentina	Río del Valle	2007	Bovine	-	Curation is part of the VGTK project, Curator: VGTK rabies team, SBOHVM and MRC-University of Glasgow Centre for Virus Research 
KF864440	Argentina	Colonia Pastoril	2007	Bovine	-	Curation is part of the VGTK project, Curator: VGTK rabies team, SBOHVM and MRC-University of Glasgow Centre for Virus Research 
KF864441	Argentina	Itá Ibaté	2001	Bovine	-	Curation is part of the VGTK project, Curator: VGTK rabies team, SBOHVM and MRC-University of Glasgow Centre for Virus Research 
KF864442	Argentina	El Asustado	2008	Bovine	-	Curation is part of the VGTK project, Curator: VGTK rabies team, SBOHVM and MRC-University of Glasgow Centre for Virus Research 
KF864443	Argentina	Ramada Paso	2008	Bovine	-	Curation is part of the VGTK project, Curator: VGTK rabies team, SBOHVM and MRC-University of Glasgow Centre for Virus Research 
KF864444	Argentina	La Leonesa	2001	Bovine	-	Curation is part of the VGTK project, Curator: VGTK rabies team, SBOHVM and MRC-University of Glasgow Centre for Virus Research 
KF864445	Argentina	-	2008	Bovine	-	Curation is part of the VGTK project, Curator: VGTK rabies team, SBOHVM and MRC-University of Glasgow Centre for Virus Research 
KF864446	Argentina	-	2008	Bovine	-	Curation is part of the VGTK project, Curator: VGTK rabies team, SBOHVM and MRC-University of Glasgow Centre for Virus Research 
KF864447	Argentina	Pampa de los Guanacos	2008	Bovine	-	Curation is part of the VGTK project, Curator: VGTK rabies team, SBOHVM and MRC-University of Glasgow Centre for Virus Research 
KF864448	Argentina	Laguna Limpia	1999	Fox	-	Curation is part of the VGTK project, Curator: VGTK rabies team, SBOHVM and MRC-University of Glasgow Centre for Virus Research 
KF864449	Argentina	Monte Potrero	2008	Bovine	-	Curation is part of the VGTK project, Curator: VGTK rabies team, SBOHVM and MRC-University of Glasgow Centre for Virus Research 
KF864450	Argentina	Colonia Mixta	2001	Equine	-	Curation is part of the VGTK project, Curator: VGTK rabies team, SBOHVM and MRC-University of Glasgow Centre for Virus Research 
KF864451	Argentina	Villa Ocampo	2001	Bovine	-	Curation is part of the VGTK project, Curator: VGTK rabies team, SBOHVM and MRC-University of Glasgow Centre for Virus Research 
KF864452	Argentina	Las Palmas	2001	Bovine	-	Curation is part of the VGTK project, Curator: VGTK rabies team, SBOHVM and MRC-University of Glasgow Centre for Virus Research 
KF864453	Argentina	Clorinda	2009	Bovine	-	Curation is part of the VGTK project, Curator: VGTK rabies team, SBOHVM and MRC-University of Glasgow Centre for Virus Research 
KF864454	Argentina	Corrientes	2006	Canine	-	Curation is part of the VGTK project, Curator: VGTK rabies team, SBOHVM and MRC-University of Glasgow Centre for Virus Research 
KF864455	Argentina	Paso de la Patria	2006	Bovine	-	Curation is part of the VGTK project, Curator: VGTK rabies team, SBOHVM and MRC-University of Glasgow Centre for Virus Research 
KF864456	Argentina	Isla del Cerrito	2006	Bovine	-	Curation is part of the VGTK project, Curator: VGTK rabies team, SBOHVM and MRC-University of Glasgow Centre for Virus Research 
KF864457	Argentina	Isla del Cerrito	2006	Bovine	-	Curation is part of the VGTK project, Curator: VGTK rabies team, SBOHVM and MRC-University of Glasgow Centre for Virus Research 
KF864458	Argentina	Riachuelo - Km 1023 (NR nº 12)	2006	Equine	-	Curation is part of the VGTK project, Curator: VGTK rabies team, SBOHVM and MRC-University of Glasgow Centre for Virus Research 
KF864459	Argentina	Empedrado	2006	Bovine	-	Curation is part of the VGTK project, Curator: VGTK rabies team, SBOHVM and MRC-University of Glasgow Centre for Virus Research 
JX648538	Peru	Andahuaylas	2002	Bovine	-	Curation is part of the VGTK project, Curator: VGTK rabies team, SBOHVM and MRC-University of Glasgow Centre for Virus Research 
JX648457	Peru	La Mar	2002	Bovine	-	Curation is part of the VGTK project, Curator: VGTK rabies team, SBOHVM and MRC-University of Glasgow Centre for Virus Research 
JX648540	Peru	Andahuaylas	2002	Bovine	-	Curation is part of the VGTK project, Curator: VGTK rabies team, SBOHVM and MRC-University of Glasgow Centre for Virus Research 
JX648525	Peru	Andahuaylas	2002	Horse	-	Curation is part of the VGTK project, Curator: VGTK rabies team, SBOHVM and MRC-University of Glasgow Centre for Virus Research 
JX648541	Peru	Andahuaylas	2002	Bovine	-	Curation is part of the VGTK project, Curator: VGTK rabies team, SBOHVM and MRC-University of Glasgow Centre for Virus Research 
JX648539	Peru	Andahuaylas	2002	Bovine	-	Curation is part of the VGTK project, Curator: VGTK rabies team, SBOHVM and MRC-University of Glasgow Centre for Virus Research 
JX648460	Peru	La Mar	2002	Bovine	-	Curation is part of the VGTK project, Curator: VGTK rabies team, SBOHVM and MRC-University of Glasgow Centre for Virus Research 
JX648471	Peru	La Mar	2002	Goat	-	Curation is part of the VGTK project, Curator: VGTK rabies team, SBOHVM and MRC-University of Glasgow Centre for Virus Research 
JX648497	Peru	Huamanga	2002	Goat	-	Curation is part of the VGTK project, Curator: VGTK rabies team, SBOHVM and MRC-University of Glasgow Centre for Virus Research 
JX648518	Peru	Chincheros	2002	Bat	-	Curation is part of the VGTK project, Curator: VGTK rabies team, SBOHVM and MRC-University of Glasgow Centre for Virus Research 
JX648402	Peru	Puerto Inca	2002	Bovine	-	Curation is part of the VGTK project, Curator: VGTK rabies team, SBOHVM and MRC-University of Glasgow Centre for Virus Research 
JX648426	Peru	Rioja	2002	Dog	-	Curation is part of the VGTK project, Curator: VGTK rabies team, SBOHVM and MRC-University of Glasgow Centre for Virus Research 
JX648465	Peru	La Mar	2002	Bovine	-	Curation is part of the VGTK project, Curator: VGTK rabies team, SBOHVM and MRC-University of Glasgow Centre for Virus Research 
JX648427	Peru	Rioja	2002	Bovine	-	Curation is part of the VGTK project, Curator: VGTK rabies team, SBOHVM and MRC-University of Glasgow Centre for Virus Research 
JX648458	Peru	La Mar	2002	Bovine	-	Curation is part of the VGTK project, Curator: VGTK rabies team, SBOHVM and MRC-University of Glasgow Centre for Virus Research 
JX648456	Peru	La Mar	2002	Bovine	-	Curation is part of the VGTK project, Curator: VGTK rabies team, SBOHVM and MRC-University of Glasgow Centre for Virus Research 
JX648522	Peru	Chincheros	2002	Bovine	-	Curation is part of the VGTK project, Curator: VGTK rabies team, SBOHVM and MRC-University of Glasgow Centre for Virus Research 
JX648528	Peru	Abancay	2002	Bovine	-	Curation is part of the VGTK project, Curator: VGTK rabies team, SBOHVM and MRC-University of Glasgow Centre for Virus Research 
JX648529	Peru	Abancay	2002	Bovine	-	Curation is part of the VGTK project, Curator: VGTK rabies team, SBOHVM and MRC-University of Glasgow Centre for Virus Research 
JX648532	Peru	Lamas	2002	Horse	-	Curation is part of the VGTK project, Curator: VGTK rabies team, SBOHVM and MRC-University of Glasgow Centre for Virus Research 
JX648498	Peru	Chincheros	2002	Bovine	-	Curation is part of the VGTK project, Curator: VGTK rabies team, SBOHVM and MRC-University of Glasgow Centre for Virus Research 
JX648505	Peru	Huamanga	2002	Horse	-	Curation is part of the VGTK project, Curator: VGTK rabies team, SBOHVM and MRC-University of Glasgow Centre for Virus Research 
JX648472	Peru	La Mar	2002	Bovine	-	Curation is part of the VGTK project, Curator: VGTK rabies team, SBOHVM and MRC-University of Glasgow Centre for Virus Research 
JX648468	Peru	La Mar	2002	Bovine	-	Curation is part of the VGTK project, Curator: VGTK rabies team, SBOHVM and MRC-University of Glasgow Centre for Virus Research 
JX648475	Peru	La Mar	2002	Bovine	-	Curation is part of the VGTK project, Curator: VGTK rabies team, SBOHVM and MRC-University of Glasgow Centre for Virus Research 
JX648533	Peru	Abancay	2002	Bat	-	Curation is part of the VGTK project, Curator: VGTK rabies team, SBOHVM and MRC-University of Glasgow Centre for Virus Research 
JX648537	Peru	Abancay	2002	Bat	-	Curation is part of the VGTK project, Curator: VGTK rabies team, SBOHVM and MRC-University of Glasgow Centre for Virus Research 
JX648412	Peru	San Martin	2002	Bovine	-	Curation is part of the VGTK project, Curator: VGTK rabies team, SBOHVM and MRC-University of Glasgow Centre for Virus Research 
JX648413	Peru	San Martin	2002	Bovine	-	Curation is part of the VGTK project, Curator: VGTK rabies team, SBOHVM and MRC-University of Glasgow Centre for Virus Research 
JX648424	Peru	Lamas	2002	Horse	-	Curation is part of the VGTK project, Curator: VGTK rabies team, SBOHVM and MRC-University of Glasgow Centre for Virus Research 
JX648400	Peru	Utcubamba	2002	Bovine	-	Curation is part of the VGTK project, Curator: VGTK rabies team, SBOHVM and MRC-University of Glasgow Centre for Virus Research 
JX648463	Peru	La Mar	2002	Bovine	-	Curation is part of the VGTK project, Curator: VGTK rabies team, SBOHVM and MRC-University of Glasgow Centre for Virus Research 
JX648501	Peru	Chincheros	2002	Bovine	-	Curation is part of the VGTK project, Curator: VGTK rabies team, SBOHVM and MRC-University of Glasgow Centre for Virus Research 
JX648507	Peru	Chincheros	2003	Bovine	-	Curation is part of the VGTK project, Curator: VGTK rabies team, SBOHVM and MRC-University of Glasgow Centre for Virus Research 
JX648508	Peru	Chincheros	2003	Bovine	-	Curation is part of the VGTK project, Curator: VGTK rabies team, SBOHVM and MRC-University of Glasgow Centre for Virus Research 
JX648500	Peru	Chincheros	2003	Bovine	-	Curation is part of the VGTK project, Curator: VGTK rabies team, SBOHVM and MRC-University of Glasgow Centre for Virus Research 
JX648467	Peru	La Mar	2003	Bovine	-	Curation is part of the VGTK project, Curator: VGTK rabies team, SBOHVM and MRC-University of Glasgow Centre for Virus Research 
JX648419	Peru	San Martin	2003	Horse	-	Curation is part of the VGTK project, Curator: VGTK rabies team, SBOHVM and MRC-University of Glasgow Centre for Virus Research 
JX648474	Peru	La Mar	2003	Bovine	-	Curation is part of the VGTK project, Curator: VGTK rabies team, SBOHVM and MRC-University of Glasgow Centre for Virus Research 
JX648466	Peru	La Mar	2003	Horse	-	Curation is part of the VGTK project, Curator: VGTK rabies team, SBOHVM and MRC-University of Glasgow Centre for Virus Research 
JX648418	Peru	Padre Abad	2003	Human	-	Curation is part of the VGTK project, Curator: VGTK rabies team, SBOHVM and MRC-University of Glasgow Centre for Virus Research 
JX648531	Peru	La Mar	2003	Goat	-	Curation is part of the VGTK project, Curator: VGTK rabies team, SBOHVM and MRC-University of Glasgow Centre for Virus Research 
JX648536	Peru	Huamanga	2003	Bovine	-	Curation is part of the VGTK project, Curator: VGTK rabies team, SBOHVM and MRC-University of Glasgow Centre for Virus Research 
JX648416	Peru	Padre Abad	2003	Human	-	Curation is part of the VGTK project, Curator: VGTK rabies team, SBOHVM and MRC-University of Glasgow Centre for Virus Research 
JX648530	Peru	La Mar	2003	Bat	-	Curation is part of the VGTK project, Curator: VGTK rabies team, SBOHVM and MRC-University of Glasgow Centre for Virus Research 
JX648504	Peru	Huamanga	2003	Sheep	-	Curation is part of the VGTK project, Curator: VGTK rabies team, SBOHVM and MRC-University of Glasgow Centre for Virus Research 
JX648535	Peru	La Mar	2003	Bovine	-	Curation is part of the VGTK project, Curator: VGTK rabies team, SBOHVM and MRC-University of Glasgow Centre for Virus Research 
JX648444	Peru	Paucartambo	2003	Bovine	-	Curation is part of the VGTK project, Curator: VGTK rabies team, SBOHVM and MRC-University of Glasgow Centre for Virus Research 
JX648414	Peru	Leoncio Prado	2003	Bovine	-	Curation is part of the VGTK project, Curator: VGTK rabies team, SBOHVM and MRC-University of Glasgow Centre for Virus Research 
JX648415	Peru	Leoncio Prado	2003	Bovine	-	Curation is part of the VGTK project, Curator: VGTK rabies team, SBOHVM and MRC-University of Glasgow Centre for Virus Research 
JX648415	Peru	Leoncio Prado	2003	Bovine	-	Curation is part of the VGTK project, Curator: VGTK rabies team, SBOHVM and MRC-University of Glasgow Centre for Virus Research 
JX648417	Peru	Oxapampa	2003	Bovine	-	Curation is part of the VGTK project, Curator: VGTK rabies team, SBOHVM and MRC-University of Glasgow Centre for Virus Research 
JX648502	Peru	Huamanga	2004	Bovine	-	Curation is part of the VGTK project, Curator: VGTK rabies team, SBOHVM and MRC-University of Glasgow Centre for Virus Research 
JX648503	Peru	Huamanga	2004	Bovine	-	Curation is part of the VGTK project, Curator: VGTK rabies team, SBOHVM and MRC-University of Glasgow Centre for Virus Research 
JX648459	Peru	La Mar	2004	Bat	-	Curation is part of the VGTK project, Curator: VGTK rabies team, SBOHVM and MRC-University of Glasgow Centre for Virus Research 
JX648401	Peru	Tocache	2004	Bovine	-	Curation is part of the VGTK project, Curator: VGTK rabies team, SBOHVM and MRC-University of Glasgow Centre for Virus Research 
JX648489	Peru	Ferreñafe	2004	Dog	-	Curation is part of the VGTK project, Curator: VGTK rabies team, SBOHVM and MRC-University of Glasgow Centre for Virus Research 
JX648495	Peru	Vilcashuaman	2004	Bovine	-	Curation is part of the VGTK project, Curator: VGTK rabies team, SBOHVM and MRC-University of Glasgow Centre for Virus Research 
JX648429	Peru	Rioja	2004	Horse	-	Curation is part of the VGTK project, Curator: VGTK rabies team, SBOHVM and MRC-University of Glasgow Centre for Virus Research 
JX648428	Peru	Rioja	2004	Horse	-	Curation is part of the VGTK project, Curator: VGTK rabies team, SBOHVM and MRC-University of Glasgow Centre for Virus Research 
JX648506	Peru	La Mar	2004	Bovine	-	Curation is part of the VGTK project, Curator: VGTK rabies team, SBOHVM and MRC-University of Glasgow Centre for Virus Research 
JX648499	Peru	Huamanga	2004	Bat	-	Curation is part of the VGTK project, Curator: VGTK rabies team, SBOHVM and MRC-University of Glasgow Centre for Virus Research 
JX648534	Peru	La Convencion	2004	Horse	-	Curation is part of the VGTK project, Curator: VGTK rabies team, SBOHVM and MRC-University of Glasgow Centre for Virus Research 
JX648393	Peru	La Convencion	2004	Bovine	-	Curation is part of the VGTK project, Curator: VGTK rabies team, SBOHVM and MRC-University of Glasgow Centre for Virus Research 
JX648404	Peru	Tambopata	2004	Bovine	-	Curation is part of the VGTK project, Curator: VGTK rabies team, SBOHVM and MRC-University of Glasgow Centre for Virus Research 
JX648447	Peru	Chincheros	2004	Bovine	-	Curation is part of the VGTK project, Curator: VGTK rabies team, SBOHVM and MRC-University of Glasgow Centre for Virus Research 
JX648431	Peru	Picota	2004	Bovine	-	Curation is part of the VGTK project, Curator: VGTK rabies team, SBOHVM and MRC-University of Glasgow Centre for Virus Research 
JX648408	Peru	Condorcanqui	2005	Pig	-	Curation is part of the VGTK project, Curator: VGTK rabies team, SBOHVM and MRC-University of Glasgow Centre for Virus Research 
JX648409	Peru	Condorcanqui	2005	Bovine	-	Curation is part of the VGTK project, Curator: VGTK rabies team, SBOHVM and MRC-University of Glasgow Centre for Virus Research 
JX648406	Peru	Condorcanqui	2005	Bovine	-	Curation is part of the VGTK project, Curator: VGTK rabies team, SBOHVM and MRC-University of Glasgow Centre for Virus Research 
JX648527	Peru	Andahuaylas	2005	Bovine	-	Curation is part of the VGTK project, Curator: VGTK rabies team, SBOHVM and MRC-University of Glasgow Centre for Virus Research 
JX648526	Peru	Andahuaylas	2005	Bovine	-	Curation is part of the VGTK project, Curator: VGTK rabies team, SBOHVM and MRC-University of Glasgow Centre for Virus Research 
JX648448	Peru	Huamanga	2005	Bovine	-	Curation is part of the VGTK project, Curator: VGTK rabies team, SBOHVM and MRC-University of Glasgow Centre for Virus Research 
JX648394	Peru	Oxapampa	2005	Bovine	-	Curation is part of the VGTK project, Curator: VGTK rabies team, SBOHVM and MRC-University of Glasgow Centre for Virus Research 
JX648395	Peru	Oxapampa	2005	Bovine	-	Curation is part of the VGTK project, Curator: VGTK rabies team, SBOHVM and MRC-University of Glasgow Centre for Virus Research 
JX648405	Peru	Tambopata	2005	Bovine	-	Curation is part of the VGTK project, Curator: VGTK rabies team, SBOHVM and MRC-University of Glasgow Centre for Virus Research 
JX648450	Peru	Huamanga	2005	Bovine	-	Curation is part of the VGTK project, Curator: VGTK rabies team, SBOHVM and MRC-University of Glasgow Centre for Virus Research 
JX648403	Peru	Condorcanqui	2005	Bovine	-	Curation is part of the VGTK project, Curator: VGTK rabies team, SBOHVM and MRC-University of Glasgow Centre for Virus Research 
JX648420	Peru	Condorcanqui	2005	Bovine	-	Curation is part of the VGTK project, Curator: VGTK rabies team, SBOHVM and MRC-University of Glasgow Centre for Virus Research 
JX648542	Peru	La Mar	2005	Donkey	-	Curation is part of the VGTK project, Curator: VGTK rabies team, SBOHVM and MRC-University of Glasgow Centre for Virus Research 
JX648422	Peru	Huanta	2005	Donkey	-	Curation is part of the VGTK project, Curator: VGTK rabies team, SBOHVM and MRC-University of Glasgow Centre for Virus Research 
JX648399	Peru	El Dorado	2006	Bovine	-	Curation is part of the VGTK project, Curator: VGTK rabies team, SBOHVM and MRC-University of Glasgow Centre for Virus Research 
JX648398	Peru	El Dorado	2006	Bovine	-	Curation is part of the VGTK project, Curator: VGTK rabies team, SBOHVM and MRC-University of Glasgow Centre for Virus Research 
JX648482	Peru	Chincheros	2006	Bat	-	Curation is part of the VGTK project, Curator: VGTK rabies team, SBOHVM and MRC-University of Glasgow Centre for Virus Research 
JX648492	Peru	Chincheros	2006	Bat	-	Curation is part of the VGTK project, Curator: VGTK rabies team, SBOHVM and MRC-University of Glasgow Centre for Virus Research 
JX648407	Peru	Condorcanqui	2006	Bovine	-	Curation is part of the VGTK project, Curator: VGTK rabies team, SBOHVM and MRC-University of Glasgow Centre for Virus Research 
JX648544	Peru	Oxapampa	2006	Bovine	-	Curation is part of the VGTK project, Curator: VGTK rabies team, SBOHVM and MRC-University of Glasgow Centre for Virus Research 
JX648483	Peru	Chincheros	2006	Bat	-	Curation is part of the VGTK project, Curator: VGTK rabies team, SBOHVM and MRC-University of Glasgow Centre for Virus Research 
JX648493	Peru	Chincheros	2006	Bat	-	Curation is part of the VGTK project, Curator: VGTK rabies team, SBOHVM and MRC-University of Glasgow Centre for Virus Research 
JX648520	Peru	Andahuaylas	2006	Bat	-	Curation is part of the VGTK project, Curator: VGTK rabies team, SBOHVM and MRC-University of Glasgow Centre for Virus Research 
JX648523	Peru	Andahuaylas	2006	Bat	-	Curation is part of the VGTK project, Curator: VGTK rabies team, SBOHVM and MRC-University of Glasgow Centre for Virus Research 
JX648524	Peru	Chincheros	2006	Bat	-	Curation is part of the VGTK project, Curator: VGTK rabies team, SBOHVM and MRC-University of Glasgow Centre for Virus Research 
JX648484	Peru	Chincheros	2006	Bovine	-	Curation is part of the VGTK project, Curator: VGTK rabies team, SBOHVM and MRC-University of Glasgow Centre for Virus Research 
JX648543	Peru	Oxapampa	2006	Bovine	-	Curation is part of the VGTK project, Curator: VGTK rabies team, SBOHVM and MRC-University of Glasgow Centre for Virus Research 
JX648494	Peru	Chincheros	2006	Bovine	-	Curation is part of the VGTK project, Curator: VGTK rabies team, SBOHVM and MRC-University of Glasgow Centre for Virus Research 
JX648480	Peru	Chincheros	2006	Bat	-	Curation is part of the VGTK project, Curator: VGTK rabies team, SBOHVM and MRC-University of Glasgow Centre for Virus Research 
JX648491	Peru	Chincheros	2006	Bovine	-	Curation is part of the VGTK project, Curator: VGTK rabies team, SBOHVM and MRC-University of Glasgow Centre for Virus Research 
JX648521	Peru	Andahuaylas	2006	Bovine	-	Curation is part of the VGTK project, Curator: VGTK rabies team, SBOHVM and MRC-University of Glasgow Centre for Virus Research 
JX648490	Peru	Chincheros	2006	Bovine	-	Curation is part of the VGTK project, Curator: VGTK rabies team, SBOHVM and MRC-University of Glasgow Centre for Virus Research 
JX648453	Peru	La Mar	2006	Bovine	-	Curation is part of the VGTK project, Curator: VGTK rabies team, SBOHVM and MRC-University of Glasgow Centre for Virus Research 
JX648461	Peru	Huamanga	2006	Bovine	-	Curation is part of the VGTK project, Curator: VGTK rabies team, SBOHVM and MRC-University of Glasgow Centre for Virus Research 
JX648452	Peru	La Mar	2006	Bovine	-	Curation is part of the VGTK project, Curator: VGTK rabies team, SBOHVM and MRC-University of Glasgow Centre for Virus Research 
JX648462	Peru	La Mar	2006	Bovine	-	Curation is part of the VGTK project, Curator: VGTK rabies team, SBOHVM and MRC-University of Glasgow Centre for Virus Research 
JX648496	Peru	Chincheros	2006	Bovine	-	Curation is part of the VGTK project, Curator: VGTK rabies team, SBOHVM and MRC-University of Glasgow Centre for Virus Research 
JX648481	Peru	Chincheros	2006	Bat	-	Curation is part of the VGTK project, Curator: VGTK rabies team, SBOHVM and MRC-University of Glasgow Centre for Virus Research 
JX648470	Peru	La Mar	2006	Bat	-	Curation is part of the VGTK project, Curator: VGTK rabies team, SBOHVM and MRC-University of Glasgow Centre for Virus Research 
JX648473	Peru	La Mar	2006	Bovine	-	Curation is part of the VGTK project, Curator: VGTK rabies team, SBOHVM and MRC-University of Glasgow Centre for Virus Research 
JX648519	Peru	Andahuaylas	2006	Bovine	-	Curation is part of the VGTK project, Curator: VGTK rabies team, SBOHVM and MRC-University of Glasgow Centre for Virus Research 
JX648510	Peru	Andahuaylas	2006	Bat	-	Curation is part of the VGTK project, Curator: VGTK rabies team, SBOHVM and MRC-University of Glasgow Centre for Virus Research 
JX648515	Peru	Andahuaylas	2006	Bat	-	Curation is part of the VGTK project, Curator: VGTK rabies team, SBOHVM and MRC-University of Glasgow Centre for Virus Research 
JX648469	Peru	La Mar	2006	Goat	-	Curation is part of the VGTK project, Curator: VGTK rabies team, SBOHVM and MRC-University of Glasgow Centre for Virus Research 
JX648512	Peru	Andahuaylas	2006	Bat	-	Curation is part of the VGTK project, Curator: VGTK rabies team, SBOHVM and MRC-University of Glasgow Centre for Virus Research 
JX648514	Peru	Andahuaylas	2006	Bovine	-	Curation is part of the VGTK project, Curator: VGTK rabies team, SBOHVM and MRC-University of Glasgow Centre for Virus Research 
JX648488	Peru	Chincheros	2006	Bat	-	Curation is part of the VGTK project, Curator: VGTK rabies team, SBOHVM and MRC-University of Glasgow Centre for Virus Research 
JX648430	Peru	Luya	2006	Bovine	-	Curation is part of the VGTK project, Curator: VGTK rabies team, SBOHVM and MRC-University of Glasgow Centre for Virus Research 
JX648434	Peru	Tambopata	2007	Human	-	Curation is part of the VGTK project, Curator: VGTK rabies team, SBOHVM and MRC-University of Glasgow Centre for Virus Research 
JX648546	Peru	Tambopata	2007	Potus flavus	-	Curation is part of the VGTK project, Curator: VGTK rabies team, SBOHVM and MRC-University of Glasgow Centre for Virus Research 
JX648435	Peru	Tambopata	2007	Human	-	Curation is part of the VGTK project, Curator: VGTK rabies team, SBOHVM and MRC-University of Glasgow Centre for Virus Research 
JX648487	Peru	Vilcashuaman	2007	Bovine	-	Curation is part of the VGTK project, Curator: VGTK rabies team, SBOHVM and MRC-University of Glasgow Centre for Virus Research 
JX648486	Peru	Vilcashuaman	2007	Goat	-	Curation is part of the VGTK project, Curator: VGTK rabies team, SBOHVM and MRC-University of Glasgow Centre for Virus Research 
JX648437	Peru	Tambopata	2007	Human	-	Curation is part of the VGTK project, Curator: VGTK rabies team, SBOHVM and MRC-University of Glasgow Centre for Virus Research 
JX648436	Peru	Tambopata	2007	Human	-	Curation is part of the VGTK project, Curator: VGTK rabies team, SBOHVM and MRC-University of Glasgow Centre for Virus Research 
JX648441	Peru	Carabaya	2007	Human	-	Curation is part of the VGTK project, Curator: VGTK rabies team, SBOHVM and MRC-University of Glasgow Centre for Virus Research 
JX648442	Peru	Quispicanchi	2007	Human	-	Curation is part of the VGTK project, Curator: VGTK rabies team, SBOHVM and MRC-University of Glasgow Centre for Virus Research 
JX648440	Peru	Quispicanchi	2007	Human	-	Curation is part of the VGTK project, Curator: VGTK rabies team, SBOHVM and MRC-University of Glasgow Centre for Virus Research 
JX648423	Peru	Tocache	2007	Bovine	-	Curation is part of the VGTK project, Curator: VGTK rabies team, SBOHVM and MRC-University of Glasgow Centre for Virus Research 
JX648443	Peru	Quispicanchi	2007	Human	-	Curation is part of the VGTK project, Curator: VGTK rabies team, SBOHVM and MRC-University of Glasgow Centre for Virus Research 
JX648439	Peru	Carabaya	2007	Human	-	Curation is part of the VGTK project, Curator: VGTK rabies team, SBOHVM and MRC-University of Glasgow Centre for Virus Research 
JX648438	Peru	Cusco	2007	Human	-	Curation is part of the VGTK project, Curator: VGTK rabies team, SBOHVM and MRC-University of Glasgow Centre for Virus Research 
JX648449	Peru	Huamanga	2007	Bovine	-	Curation is part of the VGTK project, Curator: VGTK rabies team, SBOHVM and MRC-University of Glasgow Centre for Virus Research 
JX648479	Peru	Chincheros	2007	Bovine	-	Curation is part of the VGTK project, Curator: VGTK rabies team, SBOHVM and MRC-University of Glasgow Centre for Virus Research 
JX648516	Peru	Andahuaylas	2007	Bat	-	Curation is part of the VGTK project, Curator: VGTK rabies team, SBOHVM and MRC-University of Glasgow Centre for Virus Research 
JX648432	Peru	Moyobamba	2007	Bovine	-	Curation is part of the VGTK project, Curator: VGTK rabies team, SBOHVM and MRC-University of Glasgow Centre for Virus Research 
JX648485	Peru	Chincheros	2007	Bovine	-	Curation is part of the VGTK project, Curator: VGTK rabies team, SBOHVM and MRC-University of Glasgow Centre for Virus Research 
JX648396	Peru	La Convencion	2007	Bovine	-	Curation is part of the VGTK project, Curator: VGTK rabies team, SBOHVM and MRC-University of Glasgow Centre for Virus Research 
JX648392	Peru	La Convencion	2007	Bovine	-	Curation is part of the VGTK project, Curator: VGTK rabies team, SBOHVM and MRC-University of Glasgow Centre for Virus Research 
JX648478	Peru	Chincheros	2007	Bat	-	Curation is part of the VGTK project, Curator: VGTK rabies team, SBOHVM and MRC-University of Glasgow Centre for Virus Research 
JX648477	Peru	Chincheros	2007	Bat	-	Curation is part of the VGTK project, Curator: VGTK rabies team, SBOHVM and MRC-University of Glasgow Centre for Virus Research 
JX648411	Peru	La Mar	2007	Bovine	-	Curation is part of the VGTK project, Curator: VGTK rabies team, SBOHVM and MRC-University of Glasgow Centre for Virus Research 
JX648464	Peru	Huamanga	2007	Bovine	-	Curation is part of the VGTK project, Curator: VGTK rabies team, SBOHVM and MRC-University of Glasgow Centre for Virus Research 
JX648455	Peru	La Mar	2007	Bovine	-	Curation is part of the VGTK project, Curator: VGTK rabies team, SBOHVM and MRC-University of Glasgow Centre for Virus Research 
JX648517	Peru	Andahuaylas	2007	Bat	-	Curation is part of the VGTK project, Curator: VGTK rabies team, SBOHVM and MRC-University of Glasgow Centre for Virus Research 
JX648511	Peru	Andahuaylas	2007	Bovine	-	Curation is part of the VGTK project, Curator: VGTK rabies team, SBOHVM and MRC-University of Glasgow Centre for Virus Research 
JX648445	Peru	La Mar	2007	Bovine	-	Curation is part of the VGTK project, Curator: VGTK rabies team, SBOHVM and MRC-University of Glasgow Centre for Virus Research 
JX648410	Peru	Leoncio Prado	2007	Bovine	-	Curation is part of the VGTK project, Curator: VGTK rabies team, SBOHVM and MRC-University of Glasgow Centre for Virus Research 
JX648476	Peru	Chincheros	2007	Bovine	-	Curation is part of the VGTK project, Curator: VGTK rabies team, SBOHVM and MRC-University of Glasgow Centre for Virus Research 
JX648446	Peru	La Mar	2007	Bovine	-	Curation is part of the VGTK project, Curator: VGTK rabies team, SBOHVM and MRC-University of Glasgow Centre for Virus Research 
JX648545	Peru	Carabaya	2007	Histiotus montanus	-	Curation is part of the VGTK project, Curator: VGTK rabies team, SBOHVM and MRC-University of Glasgow Centre for Virus Research 
JX648433	Peru	San Ignacio	2007	Bovine	-	Curation is part of the VGTK project, Curator: VGTK rabies team, SBOHVM and MRC-University of Glasgow Centre for Virus Research 
JX648509	Peru	Andahuaylas	2007	Bovine	-	Curation is part of the VGTK project, Curator: VGTK rabies team, SBOHVM and MRC-University of Glasgow Centre for Virus Research 
JX648425	Peru	Leoncio Prado	2007	Bovine	-	Curation is part of the VGTK project, Curator: VGTK rabies team, SBOHVM and MRC-University of Glasgow Centre for Virus Research 
JX648421	Peru	Oxapampa	2007	Bovine	-	Curation is part of the VGTK project, Curator: VGTK rabies team, SBOHVM and MRC-University of Glasgow Centre for Virus Research 
JX648454	Peru	La Mar	2007	Bovine	-	Curation is part of the VGTK project, Curator: VGTK rabies team, SBOHVM and MRC-University of Glasgow Centre for Virus Research 
JX648513	Peru	Andahuaylas	2007	Bovine	-	Curation is part of the VGTK project, Curator: VGTK rabies team, SBOHVM and MRC-University of Glasgow Centre for Virus Research 
JX648391	Peru	La Convencion	2007	Bovine	-	Curation is part of the VGTK project, Curator: VGTK rabies team, SBOHVM and MRC-University of Glasgow Centre for Virus Research 
JX648451	Peru	La Mar	2007	Bovine	-	Curation is part of the VGTK project, Curator: VGTK rabies team, SBOHVM and MRC-University of Glasgow Centre for Virus Research 
JX648397	Peru	Moyobamba	2007	Bovine	-	Curation is part of the VGTK project, Curator: VGTK rabies team, SBOHVM and MRC-University of Glasgow Centre for Virus Research 
JX648547	Peru	Paucartambo	2008	Non-vampire bat	-	Curation is part of the VGTK project, Curator: VGTK rabies team, SBOHVM and MRC-University of Glasgow Centre for Virus Research 
AB623080	Brazil	Patos	2004	Cattle	22243739	Curation is part of the VGTK project, Curator: VGTK rabies team, SBOHVM and MRC-University of Glasgow Centre for Virus Research 
AB623081	Brazil	Santa Terezinha	2004	Cattle	22243739	Curation is part of the VGTK project, Curator: VGTK rabies team, SBOHVM and MRC-University of Glasgow Centre for Virus Research 
AB623082	Brazil	São José do Bonfim	2004	Cattle	22243739	Curation is part of the VGTK project, Curator: VGTK rabies team, SBOHVM and MRC-University of Glasgow Centre for Virus Research 
AB623083	Brazil	Itaporanga	2004	Cattle	22243739	Curation is part of the VGTK project, Curator: VGTK rabies team, SBOHVM and MRC-University of Glasgow Centre for Virus Research 
AB623084	Brazil	São Vicente do Seridó	2004	Cattle	22243739	Curation is part of the VGTK project, Curator: VGTK rabies team, SBOHVM and MRC-University of Glasgow Centre for Virus Research 
AB623085	Brazil	Patos	2005	Cattle	22243739	Curation is part of the VGTK project, Curator: VGTK rabies team, SBOHVM and MRC-University of Glasgow Centre for Virus Research 
AB623086	Brazil	Santa Luzia	2005	Cattle	22243739	Curation is part of the VGTK project, Curator: VGTK rabies team, SBOHVM and MRC-University of Glasgow Centre for Virus Research 
AB623087	Brazil	Areal	2006	Cattle	22243739	Curation is part of the VGTK project, Curator: VGTK rabies team, SBOHVM and MRC-University of Glasgow Centre for Virus Research 
AB623089	Brazil	Monteiro	2006	Cattle	22243739	Curation is part of the VGTK project, Curator: VGTK rabies team, SBOHVM and MRC-University of Glasgow Centre for Virus Research 
AB623090	Brazil	Junco do Seridó	2006	Cattle	22243739	Curation is part of the VGTK project, Curator: VGTK rabies team, SBOHVM and MRC-University of Glasgow Centre for Virus Research 
AB623091	Brazil	São José do Sabugi	2006	Cattle	22243739	Curation is part of the VGTK project, Curator: VGTK rabies team, SBOHVM and MRC-University of Glasgow Centre for Virus Research 
AB623092	Brazil	Santa Luzia	2006	Cattle	22243739	Curation is part of the VGTK project, Curator: VGTK rabies team, SBOHVM and MRC-University of Glasgow Centre for Virus Research 
AB623093	Brazil	Patos	2007	Cattle	22243739	Curation is part of the VGTK project, Curator: VGTK rabies team, SBOHVM and MRC-University of Glasgow Centre for Virus Research 
AB623094	Brazil	Patos	2007	Cattle	22243739	Curation is part of the VGTK project, Curator: VGTK rabies team, SBOHVM and MRC-University of Glasgow Centre for Virus Research 
AB623096	Brazil	Areal	2007	Cattle	22243739	Curation is part of the VGTK project, Curator: VGTK rabies team, SBOHVM and MRC-University of Glasgow Centre for Virus Research 
AB623097	Brazil	Patos	2007	Cattle	22243739	Curation is part of the VGTK project, Curator: VGTK rabies team, SBOHVM and MRC-University of Glasgow Centre for Virus Research 
AB623098	Brazil	São José do Bonfim	2007	Cattle	22243739	Curation is part of the VGTK project, Curator: VGTK rabies team, SBOHVM and MRC-University of Glasgow Centre for Virus Research 
AB623099	Brazil	São José do Bonfim	2007	Cattle	22243739	Curation is part of the VGTK project, Curator: VGTK rabies team, SBOHVM and MRC-University of Glasgow Centre for Virus Research 
AB623106	Brazil	Brejinho	2007	Cattle	22243739	Curation is part of the VGTK project, Curator: VGTK rabies team, SBOHVM and MRC-University of Glasgow Centre for Virus Research 
AB623100	Brazil	Patos	2008	Cattle	22243739	Curation is part of the VGTK project, Curator: VGTK rabies team, SBOHVM and MRC-University of Glasgow Centre for Virus Research 
AB623101	Brazil	Patos	2008	Cattle	22243739	Curation is part of the VGTK project, Curator: VGTK rabies team, SBOHVM and MRC-University of Glasgow Centre for Virus Research 
AB623102	Brazil	Patos	2008	Cattle	22243739	Curation is part of the VGTK project, Curator: VGTK rabies team, SBOHVM and MRC-University of Glasgow Centre for Virus Research 
AB623103	Brazil	Patos	2008	Cattle	22243739	Curation is part of the VGTK project, Curator: VGTK rabies team, SBOHVM and MRC-University of Glasgow Centre for Virus Research 
AB623104	Brazil	Patos	2008	Cattle	22243739	Curation is part of the VGTK project, Curator: VGTK rabies team, SBOHVM and MRC-University of Glasgow Centre for Virus Research 
AB623105	Brazil	Patos	2009	Cattle	22243739	Curation is part of the VGTK project, Curator: VGTK rabies team, SBOHVM and MRC-University of Glasgow Centre for Virus Research 
AB623107	Brazil	Vitória de Santo Antão	2008	Cattle	22243739	Curation is part of the VGTK project, Curator: VGTK rabies team, SBOHVM and MRC-University of Glasgow Centre for Virus Research 
AB623108	Brazil	Venturosa	2008	Cattle	22243739	Curation is part of the VGTK project, Curator: VGTK rabies team, SBOHVM and MRC-University of Glasgow Centre for Virus Research 
AB623109	Brazil	Pedra	2008	Cattle	22243739	Curation is part of the VGTK project, Curator: VGTK rabies team, SBOHVM and MRC-University of Glasgow Centre for Virus Research 
AB623110	Brazil	Venturosa	2008	Cattle	22243739	Curation is part of the VGTK project, Curator: VGTK rabies team, SBOHVM and MRC-University of Glasgow Centre for Virus Research 
AB623111	Brazil	Garanhuns	2008	Cattle	22243739	Curation is part of the VGTK project, Curator: VGTK rabies team, SBOHVM and MRC-University of Glasgow Centre for Virus Research 
AB623112	Brazil	Venturosa	2008	Cattle	22243739	Curation is part of the VGTK project, Curator: VGTK rabies team, SBOHVM and MRC-University of Glasgow Centre for Virus Research 
AB623113	Brazil	Paranatama	2008	Cattle	22243739	Curation is part of the VGTK project, Curator: VGTK rabies team, SBOHVM and MRC-University of Glasgow Centre for Virus Research 
AB623114	Brazil	Venturosa	2008	Cattle	22243739	Curation is part of the VGTK project, Curator: VGTK rabies team, SBOHVM and MRC-University of Glasgow Centre for Virus Research 
AB623115	Brazil	Belo Jardim	2008	Cattle	22243739	Curation is part of the VGTK project, Curator: VGTK rabies team, SBOHVM and MRC-University of Glasgow Centre for Virus Research 
AB623116	Brazil	Belo Jardim	2009	Cattle	22243739	Curation is part of the VGTK project, Curator: VGTK rabies team, SBOHVM and MRC-University of Glasgow Centre for Virus Research 
AB623117	Brazil	Lajedo	2009	Cattle	22243739	Curation is part of the VGTK project, Curator: VGTK rabies team, SBOHVM and MRC-University of Glasgow Centre for Virus Research 
AB623118	Brazil	Garanhuns	2009	Cattle	22243739	Curation is part of the VGTK project, Curator: VGTK rabies team, SBOHVM and MRC-University of Glasgow Centre for Virus Research 
AB623077	Brazil	São Mamede	2008	Goat	22243739	Curation is part of the VGTK project, Curator: VGTK rabies team, SBOHVM and MRC-University of Glasgow Centre for Virus Research 
AB623076	Brazil	Patos	2007	Horse	22243739	Curation is part of the VGTK project, Curator: VGTK rabies team, SBOHVM and MRC-University of Glasgow Centre for Virus Research 
AB623078	Brazil	Santa Terezinha	2004	Sheep	22243739	Curation is part of the VGTK project, Curator: VGTK rabies team, SBOHVM and MRC-University of Glasgow Centre for Virus Research 
AB623079	Brazil	Patos	2008	Sheep	22243739	Curation is part of the VGTK project, Curator: VGTK rabies team, SBOHVM and MRC-University of Glasgow Centre for Virus Research 
AB675615	Brazil	Paulo de Frontin	1987	Cattle	22243739	Curation is part of the VGTK project, Curator: VGTK rabies team, SBOHVM and MRC-University of Glasgow Centre for Virus Research 
AB516753	-	-	-	Bovine	-	Curation is part of the VGTK project, Curator: VGTK rabies team, SBOHVM and MRC-University of Glasgow Centre for Virus Research 
AB516752	-	-	-	Bovine	-	Curation is part of the VGTK project, Curator: VGTK rabies team, SBOHVM and MRC-University of Glasgow Centre for Virus Research 
AB516751	-	-	-	Bovine	-	Curation is part of the VGTK project, Curator: VGTK rabies team, SBOHVM and MRC-University of Glasgow Centre for Virus Research 
AB516750	-	-	-	Bovine	-	Curation is part of the VGTK project, Curator: VGTK rabies team, SBOHVM and MRC-University of Glasgow Centre for Virus Research 
AB516749	-	-	-	Bovine	-	Curation is part of the VGTK project, Curator: VGTK rabies team, SBOHVM and MRC-University of Glasgow Centre for Virus Research 
AB516748	-	-	-	Bovine	-	Curation is part of the VGTK project, Curator: VGTK rabies team, SBOHVM and MRC-University of Glasgow Centre for Virus Research 
AB516747	-	-	-	Bovine	-	Curation is part of the VGTK project, Curator: VGTK rabies team, SBOHVM and MRC-University of Glasgow Centre for Virus Research 
AB516746	-	-	-	Bovine	-	Curation is part of the VGTK project, Curator: VGTK rabies team, SBOHVM and MRC-University of Glasgow Centre for Virus Research 
AB516745	-	-	-	Bovine	-	Curation is part of the VGTK project, Curator: VGTK rabies team, SBOHVM and MRC-University of Glasgow Centre for Virus Research 
AB516744	-	-	-	Bovine	-	Curation is part of the VGTK project, Curator: VGTK rabies team, SBOHVM and MRC-University of Glasgow Centre for Virus Research 
AB516743	-	-	-	Bovine	-	Curation is part of the VGTK project, Curator: VGTK rabies team, SBOHVM and MRC-University of Glasgow Centre for Virus Research 
AB516742	-	-	-	Bovine	-	Curation is part of the VGTK project, Curator: VGTK rabies team, SBOHVM and MRC-University of Glasgow Centre for Virus Research 
AB516741	-	-	-	Bovine	-	Curation is part of the VGTK project, Curator: VGTK rabies team, SBOHVM and MRC-University of Glasgow Centre for Virus Research 
AB516740	-	-	-	Bovine	-	Curation is part of the VGTK project, Curator: VGTK rabies team, SBOHVM and MRC-University of Glasgow Centre for Virus Research 
AB516739	-	-	-	Bovine	-	Curation is part of the VGTK project, Curator: VGTK rabies team, SBOHVM and MRC-University of Glasgow Centre for Virus Research 
AB516738	-	-	-	Bovine	-	Curation is part of the VGTK project, Curator: VGTK rabies team, SBOHVM and MRC-University of Glasgow Centre for Virus Research 
AB516737	-	-	-	Bovine	-	Curation is part of the VGTK project, Curator: VGTK rabies team, SBOHVM and MRC-University of Glasgow Centre for Virus Research 
AB516736	-	-	-	Bovine	-	Curation is part of the VGTK project, Curator: VGTK rabies team, SBOHVM and MRC-University of Glasgow Centre for Virus Research 
AB516735	-	-	-	Bovine	-	Curation is part of the VGTK project, Curator: VGTK rabies team, SBOHVM and MRC-University of Glasgow Centre for Virus Research 
AB516734	-	-	-	domestic horse	-	Curation is part of the VGTK project, Curator: VGTK rabies team, SBOHVM and MRC-University of Glasgow Centre for Virus Research 
AB516733	-	-	-	Bovine	-	Curation is part of the VGTK project, Curator: VGTK rabies team, SBOHVM and MRC-University of Glasgow Centre for Virus Research 
AB516732	-	-	-	Bovine	-	Curation is part of the VGTK project, Curator: VGTK rabies team, SBOHVM and MRC-University of Glasgow Centre for Virus Research 
AB516731	-	-	-	Bovine	-	Curation is part of the VGTK project, Curator: VGTK rabies team, SBOHVM and MRC-University of Glasgow Centre for Virus Research 
AB516730	-	-	-	Bovine	-	Curation is part of the VGTK project, Curator: VGTK rabies team, SBOHVM and MRC-University of Glasgow Centre for Virus Research 
AB516729	-	-	-	domestic horse	-	Curation is part of the VGTK project, Curator: VGTK rabies team, SBOHVM and MRC-University of Glasgow Centre for Virus Research 
AB516728	-	-	-	Bovine	-	Curation is part of the VGTK project, Curator: VGTK rabies team, SBOHVM and MRC-University of Glasgow Centre for Virus Research 
AB516727	-	-	-	domestic horse	-	Curation is part of the VGTK project, Curator: VGTK rabies team, SBOHVM and MRC-University of Glasgow Centre for Virus Research 
AB516726	-	-	-	domestic horse	-	Curation is part of the VGTK project, Curator: VGTK rabies team, SBOHVM and MRC-University of Glasgow Centre for Virus Research 
AB516725	-	-	-	domestic horse	-	Curation is part of the VGTK project, Curator: VGTK rabies team, SBOHVM and MRC-University of Glasgow Centre for Virus Research 
AB516724	-	-	-	Bovine	-	Curation is part of the VGTK project, Curator: VGTK rabies team, SBOHVM and MRC-University of Glasgow Centre for Virus Research 
AB516723	-	-	-	Bovine	-	Curation is part of the VGTK project, Curator: VGTK rabies team, SBOHVM and MRC-University of Glasgow Centre for Virus Research 
AB516722	-	-	-	Bovine	-	Curation is part of the VGTK project, Curator: VGTK rabies team, SBOHVM and MRC-University of Glasgow Centre for Virus Research 
AB516721	-	-	-	Bovine	-	Curation is part of the VGTK project, Curator: VGTK rabies team, SBOHVM and MRC-University of Glasgow Centre for Virus Research 
AB516720	-	-	-	Bovine	-	Curation is part of the VGTK project, Curator: VGTK rabies team, SBOHVM and MRC-University of Glasgow Centre for Virus Research 
AB516719	-	-	-	Bovine	-	Curation is part of the VGTK project, Curator: VGTK rabies team, SBOHVM and MRC-University of Glasgow Centre for Virus Research 
AB516718	-	-	-	Bovine	-	Curation is part of the VGTK project, Curator: VGTK rabies team, SBOHVM and MRC-University of Glasgow Centre for Virus Research 
AB516717	-	-	-	Bovine	-	Curation is part of the VGTK project, Curator: VGTK rabies team, SBOHVM and MRC-University of Glasgow Centre for Virus Research 
AB516716	-	-	-	Bovine	-	Curation is part of the VGTK project, Curator: VGTK rabies team, SBOHVM and MRC-University of Glasgow Centre for Virus Research 
AB516715	-	-	-	Bovine	-	Curation is part of the VGTK project, Curator: VGTK rabies team, SBOHVM and MRC-University of Glasgow Centre for Virus Research 
AB516714	-	-	-	Bovine	-	Curation is part of the VGTK project, Curator: VGTK rabies team, SBOHVM and MRC-University of Glasgow Centre for Virus Research 
AB516713	-	-	-	Bovine	-	Curation is part of the VGTK project, Curator: VGTK rabies team, SBOHVM and MRC-University of Glasgow Centre for Virus Research 
AB516712	-	-	-	Bovine	-	Curation is part of the VGTK project, Curator: VGTK rabies team, SBOHVM and MRC-University of Glasgow Centre for Virus Research 
AB516711	-	-	-	Bovine	-	Curation is part of the VGTK project, Curator: VGTK rabies team, SBOHVM and MRC-University of Glasgow Centre for Virus Research 
AB516710	-	-	-	Bovine	-	Curation is part of the VGTK project, Curator: VGTK rabies team, SBOHVM and MRC-University of Glasgow Centre for Virus Research 
AB516709	-	-	-	Bovine	-	Curation is part of the VGTK project, Curator: VGTK rabies team, SBOHVM and MRC-University of Glasgow Centre for Virus Research 
AB516708	-	-	-	Bovine	-	Curation is part of the VGTK project, Curator: VGTK rabies team, SBOHVM and MRC-University of Glasgow Centre for Virus Research 
AB516707	-	-	-	Bovine	-	Curation is part of the VGTK project, Curator: VGTK rabies team, SBOHVM and MRC-University of Glasgow Centre for Virus Research 
AB516706	-	-	-	Bovine	-	Curation is part of the VGTK project, Curator: VGTK rabies team, SBOHVM and MRC-University of Glasgow Centre for Virus Research 
AB516705	-	-	-	Bovine	-	Curation is part of the VGTK project, Curator: VGTK rabies team, SBOHVM and MRC-University of Glasgow Centre for Virus Research 
AB516704	-	-	-	Bovine	-	Curation is part of the VGTK project, Curator: VGTK rabies team, SBOHVM and MRC-University of Glasgow Centre for Virus Research 
AB516703	-	-	-	Bovine	-	Curation is part of the VGTK project, Curator: VGTK rabies team, SBOHVM and MRC-University of Glasgow Centre for Virus Research 
AB516702	-	-	-	Bovine	-	Curation is part of the VGTK project, Curator: VGTK rabies team, SBOHVM and MRC-University of Glasgow Centre for Virus Research 
AB516701	-	-	-	Bovine	-	Curation is part of the VGTK project, Curator: VGTK rabies team, SBOHVM and MRC-University of Glasgow Centre for Virus Research 
AB516700	-	-	-	Bovine	-	Curation is part of the VGTK project, Curator: VGTK rabies team, SBOHVM and MRC-University of Glasgow Centre for Virus Research 
AB516699	-	-	-	Bovine	-	Curation is part of the VGTK project, Curator: VGTK rabies team, SBOHVM and MRC-University of Glasgow Centre for Virus Research 
AB516698	-	-	-	Bovine	-	Curation is part of the VGTK project, Curator: VGTK rabies team, SBOHVM and MRC-University of Glasgow Centre for Virus Research 
AB516697	-	-	-	Bovine	-	Curation is part of the VGTK project, Curator: VGTK rabies team, SBOHVM and MRC-University of Glasgow Centre for Virus Research 
AB516696	-	-	-	Bovine	-	Curation is part of the VGTK project, Curator: VGTK rabies team, SBOHVM and MRC-University of Glasgow Centre for Virus Research 
AB516695	-	-	-	Bovine	-	Curation is part of the VGTK project, Curator: VGTK rabies team, SBOHVM and MRC-University of Glasgow Centre for Virus Research 
AB516694	-	-	-	Bovine	-	Curation is part of the VGTK project, Curator: VGTK rabies team, SBOHVM and MRC-University of Glasgow Centre for Virus Research 
AB516693	-	-	-	Bovine	-	Curation is part of the VGTK project, Curator: VGTK rabies team, SBOHVM and MRC-University of Glasgow Centre for Virus Research 
AB516692	-	-	-	Bovine	-	Curation is part of the VGTK project, Curator: VGTK rabies team, SBOHVM and MRC-University of Glasgow Centre for Virus Research 
AB516691	-	-	-	Bovine	-	Curation is part of the VGTK project, Curator: VGTK rabies team, SBOHVM and MRC-University of Glasgow Centre for Virus Research 
AB516690	-	-	-	Vampire bat	-	Curation is part of the VGTK project, Curator: VGTK rabies team, SBOHVM and MRC-University of Glasgow Centre for Virus Research 
AB516689	-	-	-	flying foxes	-	Curation is part of the VGTK project, Curator: VGTK rabies team, SBOHVM and MRC-University of Glasgow Centre for Virus Research 
AB516688	-	-	-	flying foxes	-	Curation is part of the VGTK project, Curator: VGTK rabies team, SBOHVM and MRC-University of Glasgow Centre for Virus Research 
AB516687	-	-	-	flying foxes	-	Curation is part of the VGTK project, Curator: VGTK rabies team, SBOHVM and MRC-University of Glasgow Centre for Virus Research 
AB516686	-	-	-	flying foxes	-	Curation is part of the VGTK project, Curator: VGTK rabies team, SBOHVM and MRC-University of Glasgow Centre for Virus Research 
AB516685	-	-	-	flying foxes	-	Curation is part of the VGTK project, Curator: VGTK rabies team, SBOHVM and MRC-University of Glasgow Centre for Virus Research 
AB516684	-	-	-	flying foxes	-	Curation is part of the VGTK project, Curator: VGTK rabies team, SBOHVM and MRC-University of Glasgow Centre for Virus Research 
AB516683	-	-	-	flying foxes	-	Curation is part of the VGTK project, Curator: VGTK rabies team, SBOHVM and MRC-University of Glasgow Centre for Virus Research 
AB516682	-	-	-	flying foxes	-	Curation is part of the VGTK project, Curator: VGTK rabies team, SBOHVM and MRC-University of Glasgow Centre for Virus Research 
AB516681	-	-	-	flying foxes	-	Curation is part of the VGTK project, Curator: VGTK rabies team, SBOHVM and MRC-University of Glasgow Centre for Virus Research 
AB516680	-	-	-	Insectivorous bat	-	Curation is part of the VGTK project, Curator: VGTK rabies team, SBOHVM and MRC-University of Glasgow Centre for Virus Research 
AB516679	-	-	-	flying foxes	-	Curation is part of the VGTK project, Curator: VGTK rabies team, SBOHVM and MRC-University of Glasgow Centre for Virus Research 
AB516678	-	-	-	flying foxes	-	Curation is part of the VGTK project, Curator: VGTK rabies team, SBOHVM and MRC-University of Glasgow Centre for Virus Research 
AB516677	-	-	-	flying foxes	-	Curation is part of the VGTK project, Curator: VGTK rabies team, SBOHVM and MRC-University of Glasgow Centre for Virus Research 
AB516676	-	-	-	flying foxes	-	Curation is part of the VGTK project, Curator: VGTK rabies team, SBOHVM and MRC-University of Glasgow Centre for Virus Research 
AB516675	-	-	-	flying foxes	-	Curation is part of the VGTK project, Curator: VGTK rabies team, SBOHVM and MRC-University of Glasgow Centre for Virus Research 
AB516674	-	-	-	flying foxes	-	Curation is part of the VGTK project, Curator: VGTK rabies team, SBOHVM and MRC-University of Glasgow Centre for Virus Research 
AB516673	-	-	-	flying foxes	-	Curation is part of the VGTK project, Curator: VGTK rabies team, SBOHVM and MRC-University of Glasgow Centre for Virus Research 
AB516672	-	-	-	flying foxes	-	Curation is part of the VGTK project, Curator: VGTK rabies team, SBOHVM and MRC-University of Glasgow Centre for Virus Research 
AB246270	-	-	-	cattle	-	Curation is part of the VGTK project, Curator: VGTK rabies team, SBOHVM and MRC-University of Glasgow Centre for Virus Research 
AB246269	-	-	-	cattle	-	Curation is part of the VGTK project, Curator: VGTK rabies team, SBOHVM and MRC-University of Glasgow Centre for Virus Research 
AB246268	-	-	-	cattle	-	Curation is part of the VGTK project, Curator: VGTK rabies team, SBOHVM and MRC-University of Glasgow Centre for Virus Research 
AB246267	-	-	-	cattle	-	Curation is part of the VGTK project, Curator: VGTK rabies team, SBOHVM and MRC-University of Glasgow Centre for Virus Research 
AB246266	-	-	-	cattle	-	Curation is part of the VGTK project, Curator: VGTK rabies team, SBOHVM and MRC-University of Glasgow Centre for Virus Research 
AB246265	-	-	-	cattle	-	Curation is part of the VGTK project, Curator: VGTK rabies team, SBOHVM and MRC-University of Glasgow Centre for Virus Research 
AB246264	-	-	-	cattle	-	Curation is part of the VGTK project, Curator: VGTK rabies team, SBOHVM and MRC-University of Glasgow Centre for Virus Research 
AB246263	-	-	-	cattle	-	Curation is part of the VGTK project, Curator: VGTK rabies team, SBOHVM and MRC-University of Glasgow Centre for Virus Research 
AB246262	-	-	-	cattle	-	Curation is part of the VGTK project, Curator: VGTK rabies team, SBOHVM and MRC-University of Glasgow Centre for Virus Research 
AB246261	-	-	-	cattle	-	Curation is part of the VGTK project, Curator: VGTK rabies team, SBOHVM and MRC-University of Glasgow Centre for Virus Research 
AB246260	-	-	-	cattle	-	Curation is part of the VGTK project, Curator: VGTK rabies team, SBOHVM and MRC-University of Glasgow Centre for Virus Research 
AB246259	-	-	-	cattle	-	Curation is part of the VGTK project, Curator: VGTK rabies team, SBOHVM and MRC-University of Glasgow Centre for Virus Research 
AB246258	-	-	-	cattle	-	Curation is part of the VGTK project, Curator: VGTK rabies team, SBOHVM and MRC-University of Glasgow Centre for Virus Research 
AB246257	-	-	-	cattle	-	Curation is part of the VGTK project, Curator: VGTK rabies team, SBOHVM and MRC-University of Glasgow Centre for Virus Research 
AB246256	-	-	-	cattle	-	Curation is part of the VGTK project, Curator: VGTK rabies team, SBOHVM and MRC-University of Glasgow Centre for Virus Research 
AB246255	-	-	-	cattle	-	Curation is part of the VGTK project, Curator: VGTK rabies team, SBOHVM and MRC-University of Glasgow Centre for Virus Research 
AB246254	-	-	-	cattle	-	Curation is part of the VGTK project, Curator: VGTK rabies team, SBOHVM and MRC-University of Glasgow Centre for Virus Research 
AB246253	-	-	-	cattle	-	Curation is part of the VGTK project, Curator: VGTK rabies team, SBOHVM and MRC-University of Glasgow Centre for Virus Research 
AB246252	-	-	-	cattle	-	Curation is part of the VGTK project, Curator: VGTK rabies team, SBOHVM and MRC-University of Glasgow Centre for Virus Research 
AB246251	-	-	-	cattle	-	Curation is part of the VGTK project, Curator: VGTK rabies team, SBOHVM and MRC-University of Glasgow Centre for Virus Research 
AB246250	-	-	-	cattle	-	Curation is part of the VGTK project, Curator: VGTK rabies team, SBOHVM and MRC-University of Glasgow Centre for Virus Research 
AB246249	-	-	-	cattle	-	Curation is part of the VGTK project, Curator: VGTK rabies team, SBOHVM and MRC-University of Glasgow Centre for Virus Research 
AB246248	-	-	-	cattle	-	Curation is part of the VGTK project, Curator: VGTK rabies team, SBOHVM and MRC-University of Glasgow Centre for Virus Research 
AB246247	-	-	-	cattle	-	Curation is part of the VGTK project, Curator: VGTK rabies team, SBOHVM and MRC-University of Glasgow Centre for Virus Research 
AB246246	-	-	-	cattle	-	Curation is part of the VGTK project, Curator: VGTK rabies team, SBOHVM and MRC-University of Glasgow Centre for Virus Research 
AB246245	-	-	-	cattle	-	Curation is part of the VGTK project, Curator: VGTK rabies team, SBOHVM and MRC-University of Glasgow Centre for Virus Research 
AB246244	-	-	-	cattle	-	Curation is part of the VGTK project, Curator: VGTK rabies team, SBOHVM and MRC-University of Glasgow Centre for Virus Research 
AB246243	-	-	-	cattle	-	Curation is part of the VGTK project, Curator: VGTK rabies team, SBOHVM and MRC-University of Glasgow Centre for Virus Research 
AB246242	-	-	-	cattle	-	Curation is part of the VGTK project, Curator: VGTK rabies team, SBOHVM and MRC-University of Glasgow Centre for Virus Research 
AB246241	-	-	-	cattle	-	Curation is part of the VGTK project, Curator: VGTK rabies team, SBOHVM and MRC-University of Glasgow Centre for Virus Research 
AB246240	-	-	-	cattle	-	Curation is part of the VGTK project, Curator: VGTK rabies team, SBOHVM and MRC-University of Glasgow Centre for Virus Research 
AB246239	-	-	-	cattle	-	Curation is part of the VGTK project, Curator: VGTK rabies team, SBOHVM and MRC-University of Glasgow Centre for Virus Research 
AB246238	-	-	-	cattle	-	Curation is part of the VGTK project, Curator: VGTK rabies team, SBOHVM and MRC-University of Glasgow Centre for Virus Research 
AB246237	-	-	-	cattle	-	Curation is part of the VGTK project, Curator: VGTK rabies team, SBOHVM and MRC-University of Glasgow Centre for Virus Research 
AB246236	-	-	-	cattle	-	Curation is part of the VGTK project, Curator: VGTK rabies team, SBOHVM and MRC-University of Glasgow Centre for Virus Research 
AB246235	-	-	-	cattle	-	Curation is part of the VGTK project, Curator: VGTK rabies team, SBOHVM and MRC-University of Glasgow Centre for Virus Research 
AB246234	-	-	-	cattle	-	Curation is part of the VGTK project, Curator: VGTK rabies team, SBOHVM and MRC-University of Glasgow Centre for Virus Research 
AB246233	-	-	-	cattle	-	Curation is part of the VGTK project, Curator: VGTK rabies team, SBOHVM and MRC-University of Glasgow Centre for Virus Research 
AB246232	-	-	-	cattle	-	Curation is part of the VGTK project, Curator: VGTK rabies team, SBOHVM and MRC-University of Glasgow Centre for Virus Research 
AB246231	-	-	-	cattle	-	Curation is part of the VGTK project, Curator: VGTK rabies team, SBOHVM and MRC-University of Glasgow Centre for Virus Research 
AB246230	-	-	-	cattle	-	Curation is part of the VGTK project, Curator: VGTK rabies team, SBOHVM and MRC-University of Glasgow Centre for Virus Research 
AB246229	-	-	-	cattle	-	Curation is part of the VGTK project, Curator: VGTK rabies team, SBOHVM and MRC-University of Glasgow Centre for Virus Research 
AB246228	-	-	-	cattle	-	Curation is part of the VGTK project, Curator: VGTK rabies team, SBOHVM and MRC-University of Glasgow Centre for Virus Research 
AB246227	-	-	-	cattle	-	Curation is part of the VGTK project, Curator: VGTK rabies team, SBOHVM and MRC-University of Glasgow Centre for Virus Research 
AB246226	-	-	-	cattle	-	Curation is part of the VGTK project, Curator: VGTK rabies team, SBOHVM and MRC-University of Glasgow Centre for Virus Research 
AB246225	-	-	-	cattle	-	Curation is part of the VGTK project, Curator: VGTK rabies team, SBOHVM and MRC-University of Glasgow Centre for Virus Research 
AB246224	-	-	-	cattle	-	Curation is part of the VGTK project, Curator: VGTK rabies team, SBOHVM and MRC-University of Glasgow Centre for Virus Research 
AB246223	-	-	-	cattle	-	Curation is part of the VGTK project, Curator: VGTK rabies team, SBOHVM and MRC-University of Glasgow Centre for Virus Research 
AB246222	-	-	-	cattle	-	Curation is part of the VGTK project, Curator: VGTK rabies team, SBOHVM and MRC-University of Glasgow Centre for Virus Research 
AB246221	-	-	-	cattle	-	Curation is part of the VGTK project, Curator: VGTK rabies team, SBOHVM and MRC-University of Glasgow Centre for Virus Research 
AB246220	-	-	-	cattle	-	Curation is part of the VGTK project, Curator: VGTK rabies team, SBOHVM and MRC-University of Glasgow Centre for Virus Research 
AB246219	-	-	-	cattle	-	Curation is part of the VGTK project, Curator: VGTK rabies team, SBOHVM and MRC-University of Glasgow Centre for Virus Research 
AB246218	-	-	-	cattle	-	Curation is part of the VGTK project, Curator: VGTK rabies team, SBOHVM and MRC-University of Glasgow Centre for Virus Research 
AB246217	-	-	-	cattle	-	Curation is part of the VGTK project, Curator: VGTK rabies team, SBOHVM and MRC-University of Glasgow Centre for Virus Research 
AB246216	-	-	-	cattle	-	Curation is part of the VGTK project, Curator: VGTK rabies team, SBOHVM and MRC-University of Glasgow Centre for Virus Research 
AB246215	-	-	-	cattle	-	Curation is part of the VGTK project, Curator: VGTK rabies team, SBOHVM and MRC-University of Glasgow Centre for Virus Research 
AB246214	-	-	-	cattle	-	Curation is part of the VGTK project, Curator: VGTK rabies team, SBOHVM and MRC-University of Glasgow Centre for Virus Research 
AB246213	-	-	-	cattle	-	Curation is part of the VGTK project, Curator: VGTK rabies team, SBOHVM and MRC-University of Glasgow Centre for Virus Research 
AB246212	-	-	-	cattle	-	Curation is part of the VGTK project, Curator: VGTK rabies team, SBOHVM and MRC-University of Glasgow Centre for Virus Research 
AB246211	-	-	-	cattle	-	Curation is part of the VGTK project, Curator: VGTK rabies team, SBOHVM and MRC-University of Glasgow Centre for Virus Research 
AB246210	-	-	-	cattle	-	Curation is part of the VGTK project, Curator: VGTK rabies team, SBOHVM and MRC-University of Glasgow Centre for Virus Research 
AB246209	-	-	-	cattle	-	Curation is part of the VGTK project, Curator: VGTK rabies team, SBOHVM and MRC-University of Glasgow Centre for Virus Research 
AB246208	-	-	-	cattle	-	Curation is part of the VGTK project, Curator: VGTK rabies team, SBOHVM and MRC-University of Glasgow Centre for Virus Research 
AB246207	-	-	-	cattle	-	Curation is part of the VGTK project, Curator: VGTK rabies team, SBOHVM and MRC-University of Glasgow Centre for Virus Research 
AB246206	-	-	-	cattle	-	Curation is part of the VGTK project, Curator: VGTK rabies team, SBOHVM and MRC-University of Glasgow Centre for Virus Research 
AB246205	-	-	-	cattle	-	Curation is part of the VGTK project, Curator: VGTK rabies team, SBOHVM and MRC-University of Glasgow Centre for Virus Research 
AB246204	-	-	-	cattle	-	Curation is part of the VGTK project, Curator: VGTK rabies team, SBOHVM and MRC-University of Glasgow Centre for Virus Research 
AB246203	-	-	-	cattle	-	Curation is part of the VGTK project, Curator: VGTK rabies team, SBOHVM and MRC-University of Glasgow Centre for Virus Research 
AB246202	-	-	-	cattle	-	Curation is part of the VGTK project, Curator: VGTK rabies team, SBOHVM and MRC-University of Glasgow Centre for Virus Research 
AB246201	-	-	-	cattle	-	Curation is part of the VGTK project, Curator: VGTK rabies team, SBOHVM and MRC-University of Glasgow Centre for Virus Research 
AB246200	-	-	-	cattle	-	Curation is part of the VGTK project, Curator: VGTK rabies team, SBOHVM and MRC-University of Glasgow Centre for Virus Research 
AB246199	-	-	-	cattle	-	Curation is part of the VGTK project, Curator: VGTK rabies team, SBOHVM and MRC-University of Glasgow Centre for Virus Research 
AB246198	-	-	-	cattle	-	Curation is part of the VGTK project, Curator: VGTK rabies team, SBOHVM and MRC-University of Glasgow Centre for Virus Research 
AB246197	-	-	-	cattle	-	Curation is part of the VGTK project, Curator: VGTK rabies team, SBOHVM and MRC-University of Glasgow Centre for Virus Research 
AB246196	-	-	-	cattle	-	Curation is part of the VGTK project, Curator: VGTK rabies team, SBOHVM and MRC-University of Glasgow Centre for Virus Research 
AB246195	-	-	-	cattle	-	Curation is part of the VGTK project, Curator: VGTK rabies team, SBOHVM and MRC-University of Glasgow Centre for Virus Research 
AB246194	-	-	-	cattle	-	Curation is part of the VGTK project, Curator: VGTK rabies team, SBOHVM and MRC-University of Glasgow Centre for Virus Research 
OP765647	India	Tamil Nadu	-	Human	-	Curation is part of the VGTK project, Curator: VGTK rabies team, SBOHVM and MRC-University of Glasgow Centre for Virus Research 
OP765646	India	Karnataka	-	Human	-	Curation is part of the VGTK project, Curator: VGTK rabies team, SBOHVM and MRC-University of Glasgow Centre for Virus Research 
OP765645	India	Andhra Pradesh	-	Human	-	Curation is part of the VGTK project, Curator: VGTK rabies team, SBOHVM and MRC-University of Glasgow Centre for Virus Research 
OP765644	India	Karnataka	-	Human	-	Curation is part of the VGTK project, Curator: VGTK rabies team, SBOHVM and MRC-University of Glasgow Centre for Virus Research 
OP765643	India	Tamil Nadu	-	Human	-	Curation is part of the VGTK project, Curator: VGTK rabies team, SBOHVM and MRC-University of Glasgow Centre for Virus Research 
OP765642	India	Karnataka	-	Human	-	Curation is part of the VGTK project, Curator: VGTK rabies team, SBOHVM and MRC-University of Glasgow Centre for Virus Research 
OP765641	India	Karnataka	-	Human	-	Curation is part of the VGTK project, Curator: VGTK rabies team, SBOHVM and MRC-University of Glasgow Centre for Virus Research 
OP765640	India	Karnataka	-	Human	-	Curation is part of the VGTK project, Curator: VGTK rabies team, SBOHVM and MRC-University of Glasgow Centre for Virus Research 
OP765639	India	Karnataka	-	Human	-	Curation is part of the VGTK project, Curator: VGTK rabies team, SBOHVM and MRC-University of Glasgow Centre for Virus Research 
OP765638	India	Karnataka	-	Human	-	Curation is part of the VGTK project, Curator: VGTK rabies team, SBOHVM and MRC-University of Glasgow Centre for Virus Research 
OP765637	India	Goa	-	Canine	-	Curation is part of the VGTK project, Curator: VGTK rabies team, SBOHVM and MRC-University of Glasgow Centre for Virus Research 
OP765636	India	Goa	-	Canine	-	Curation is part of the VGTK project, Curator: VGTK rabies team, SBOHVM and MRC-University of Glasgow Centre for Virus Research 
OP765635	India	Goa	-	Canine	-	Curation is part of the VGTK project, Curator: VGTK rabies team, SBOHVM and MRC-University of Glasgow Centre for Virus Research 
OP765634	India	Goa	-	Canine	-	Curation is part of the VGTK project, Curator: VGTK rabies team, SBOHVM and MRC-University of Glasgow Centre for Virus Research 
OP765633	India	Goa	-	Canine	-	Curation is part of the VGTK project, Curator: VGTK rabies team, SBOHVM and MRC-University of Glasgow Centre for Virus Research 
OP765632	India	Goa	-	Canine	-	Curation is part of the VGTK project, Curator: VGTK rabies team, SBOHVM and MRC-University of Glasgow Centre for Virus Research 
OP765631	India	Goa	-	Canine	-	Curation is part of the VGTK project, Curator: VGTK rabies team, SBOHVM and MRC-University of Glasgow Centre for Virus Research 
OP765630	India	Goa	-	Canine	-	Curation is part of the VGTK project, Curator: VGTK rabies team, SBOHVM and MRC-University of Glasgow Centre for Virus Research 
OP765629	India	Goa	-	Canine	-	Curation is part of the VGTK project, Curator: VGTK rabies team, SBOHVM and MRC-University of Glasgow Centre for Virus Research 
OP765628	India	Goa	-	Canine	-	Curation is part of the VGTK project, Curator: VGTK rabies team, SBOHVM and MRC-University of Glasgow Centre for Virus Research 
KY435377	Mexico	Mier y Noriega	2008	Mephitis macroura	31999515	Curation is part of the VGTK project, Curator: VGTK rabies team, SBOHVM and MRC-University of Glasgow Centre for Virus Research 
KY435376	Mexico	Mier y Noriega	2008	Mephitis macroura	31999515	Curation is part of the VGTK project, Curator: VGTK rabies team, SBOHVM and MRC-University of Glasgow Centre for Virus Research 
KY435379	Mexico	Montemorelos	2009	Tadarida brasiliensis mexicana	31999515	Curation is part of the VGTK project, Curator: VGTK rabies team, SBOHVM and MRC-University of Glasgow Centre for Virus Research 
KY435384	Mexico	Monterrey	2009	Tadarida brasiliensis mexicana	31999515	Curation is part of the VGTK project, Curator: VGTK rabies team, SBOHVM and MRC-University of Glasgow Centre for Virus Research 
KY435374	Mexico	Salinas Victoria	2009	Urocyon cinereoargenteus	31999515	Curation is part of the VGTK project, Curator: VGTK rabies team, SBOHVM and MRC-University of Glasgow Centre for Virus Research 
KY435380	Mexico	Monterrey	2011	Tadarida brasiliensis mexicana	31999515	Curation is part of the VGTK project, Curator: VGTK rabies team, SBOHVM and MRC-University of Glasgow Centre for Virus Research 
KY435378	Mexico	García	2010	Domestic cat	31999515	Curation is part of the VGTK project, Curator: VGTK rabies team, SBOHVM and MRC-University of Glasgow Centre for Virus Research 
KY435381	Mexico	Monterrey	2011	Lasiurus ega	31999515	Curation is part of the VGTK project, Curator: VGTK rabies team, SBOHVM and MRC-University of Glasgow Centre for Virus Research 
KY435386	Mexico	Sabinas Hidalgo	2011	Domestic dog	31999515	Curation is part of the VGTK project, Curator: VGTK rabies team, SBOHVM and MRC-University of Glasgow Centre for Virus Research 
KY435385	Mexico	Santiago	2012	Tadarida brasiliensis mexicana	31999515	Curation is part of the VGTK project, Curator: VGTK rabies team, SBOHVM and MRC-University of Glasgow Centre for Virus Research 
KY435382	Mexico	Montemorelos	2012	Tadarida brasiliensis mexicana	31999515	Curation is part of the VGTK project, Curator: VGTK rabies team, SBOHVM and MRC-University of Glasgow Centre for Virus Research 
KY435383	Mexico	Monterrey	2012	Tadarida brasiliensis mexicana	31999515	Curation is part of the VGTK project, Curator: VGTK rabies team, SBOHVM and MRC-University of Glasgow Centre for Virus Research 
KY435388	Mexico	Monterrey	2012	Lasiurus cinereus	31999515	Curation is part of the VGTK project, Curator: VGTK rabies team, SBOHVM and MRC-University of Glasgow Centre for Virus Research 
KY435387	Mexico	Monterrey	2012	Lasiurus ega	31999515	Curation is part of the VGTK project, Curator: VGTK rabies team, SBOHVM and MRC-University of Glasgow Centre for Virus Research 
KY435375	Mexico	Mier y Noriega	2015	Mephitis macroura	31999515	Curation is part of the VGTK project, Curator: VGTK rabies team, SBOHVM and MRC-University of Glasgow Centre for Virus Research 
AB083803	Brazil	Morrinhos	1999	Cattle	12637081	Curation is part of the VGTK project, Curator: VGTK rabies team, SBOHVM and MRC-University of Glasgow Centre for Virus Research 
AB083804	Brazil	Iporá	1998	Horse	12637081	Curation is part of the VGTK project, Curator: VGTK rabies team, SBOHVM and MRC-University of Glasgow Centre for Virus Research 
AB083805	Brazil	São Roque	1994	Cattle	12637081	Curation is part of the VGTK project, Curator: VGTK rabies team, SBOHVM and MRC-University of Glasgow Centre for Virus Research 
AB083806	Brazil	Taobate	-	Vampire bat	12637081	Curation is part of the VGTK project, Curator: VGTK rabies team, SBOHVM and MRC-University of Glasgow Centre for Virus Research 
AB083807	Brazil	Pindamonhagaba	1998	Vampire bat	12637081	Curation is part of the VGTK project, Curator: VGTK rabies team, SBOHVM and MRC-University of Glasgow Centre for Virus Research 
AB083808	Brazil	Apiaı́	1992	Sheep	12637081	Curation is part of the VGTK project, Curator: VGTK rabies team, SBOHVM and MRC-University of Glasgow Centre for Virus Research 
AB083809	Brazil	Nova Olinda	1998	Cattle	12637081	Curation is part of the VGTK project, Curator: VGTK rabies team, SBOHVM and MRC-University of Glasgow Centre for Virus Research 
	Brazil	Unknown	1996	Cattle	12637081	Curation is part of the VGTK project, Curator: VGTK rabies team, SBOHVM and MRC-University of Glasgow Centre for Virus Research 
AB083810	Brazil	Araguaxna	1999	Cattle	12637081	Curation is part of the VGTK project, Curator: VGTK rabies team, SBOHVM and MRC-University of Glasgow Centre for Virus Research 
AB083811	Brazil	Colinas	1999	Cattle	12637081	Curation is part of the VGTK project, Curator: VGTK rabies team, SBOHVM and MRC-University of Glasgow Centre for Virus Research 
	Brazil	Stafé	1999	Cattle	12637081	Curation is part of the VGTK project, Curator: VGTK rabies team, SBOHVM and MRC-University of Glasgow Centre for Virus Research 
AB083812	Brazil	-	-	Vampire bat	12637081	Curation is part of the VGTK project, Curator: VGTK rabies team, SBOHVM and MRC-University of Glasgow Centre for Virus Research 
	Brazil	Alta Aragusis	1999	Cattle	12637081	Curation is part of the VGTK project, Curator: VGTK rabies team, SBOHVM and MRC-University of Glasgow Centre for Virus Research 
AB083813	Brazil	Alto Taquari	1999	Cattle	12637081	Curation is part of the VGTK project, Curator: VGTK rabies team, SBOHVM and MRC-University of Glasgow Centre for Virus Research 
	Brazil	Cáceres	1999	Cattle	12637081	Curation is part of the VGTK project, Curator: VGTK rabies team, SBOHVM and MRC-University of Glasgow Centre for Virus Research 
AB083814	Brazil	Cáceres	1999	Cattle	12637081	Curation is part of the VGTK project, Curator: VGTK rabies team, SBOHVM and MRC-University of Glasgow Centre for Virus Research 
AB083815	Brazil	-	-	Vampire bat	12637081	Curation is part of the VGTK project, Curator: VGTK rabies team, SBOHVM and MRC-University of Glasgow Centre for Virus Research 
AB083816	Brazil	-	-	Vampire bat	12637081	Curation is part of the VGTK project, Curator: VGTK rabies team, SBOHVM and MRC-University of Glasgow Centre for Virus Research 
AB083817	Brazil	Piraju	1989	Cattle	12637081	Curation is part of the VGTK project, Curator: VGTK rabies team, SBOHVM and MRC-University of Glasgow Centre for Virus Research 
AB083818	Brazil	Corumbaı́ba	1999	Cattle	12637081	Curation is part of the VGTK project, Curator: VGTK rabies team, SBOHVM and MRC-University of Glasgow Centre for Virus Research 
AB110662	Brazil	Ipora	1998	Horse	15297743	Curation is part of the VGTK project, Curator: VGTK rabies team, SBOHVM and MRC-University of Glasgow Centre for Virus Research 
AB110663	Brazil	Sao Roque	1994	Cattle	15297743	Curation is part of the VGTK project, Curator: VGTK rabies team, SBOHVM and MRC-University of Glasgow Centre for Virus Research 
AB110664	Brazil	Taubate		Vampire bat	15297743	Curation is part of the VGTK project, Curator: VGTK rabies team, SBOHVM and MRC-University of Glasgow Centre for Virus Research 
AB110665	Brazil	Apiai	1992	Sheep	15297743	Curation is part of the VGTK project, Curator: VGTK rabies team, SBOHVM and MRC-University of Glasgow Centre for Virus Research 
AB110666	Brazil	Colinas do Tocantins	1999	Cattle	15297743	Curation is part of the VGTK project, Curator: VGTK rabies team, SBOHVM and MRC-University of Glasgow Centre for Virus Research 
AB110667	Brazil	Caceres	1999	Cattle	15297743	Curation is part of the VGTK project, Curator: VGTK rabies team, SBOHVM and MRC-University of Glasgow Centre for Virus Research 
AB110668	Brazil	Piraju	1989	Cattle	15297743	Curation is part of the VGTK project, Curator: VGTK rabies team, SBOHVM and MRC-University of Glasgow Centre for Virus Research 
AB110669	Brazil	Corumbaiba	1999	Cattle	15297743	Curation is part of the VGTK project, Curator: VGTK rabies team, SBOHVM and MRC-University of Glasgow Centre for Virus Research 
AB247411	Brazil	Goiânia	1999	Dog	16773238	Curation is part of the VGTK project, Curator: VGTK rabies team, SBOHVM and MRC-University of Glasgow Centre for Virus Research 
AB110656	Brazil	Goiânia	1999	Cat	16773238	Curation is part of the VGTK project, Curator: VGTK rabies team, SBOHVM and MRC-University of Glasgow Centre for Virus Research 
AB247409	Brazil	Goiânia	1998	Cat	16773238	Curation is part of the VGTK project, Curator: VGTK rabies team, SBOHVM and MRC-University of Glasgow Centre for Virus Research 
AB110657	Brazil	Goiânia	1999	Human	16773238	Curation is part of the VGTK project, Curator: VGTK rabies team, SBOHVM and MRC-University of Glasgow Centre for Virus Research 
AB110658	Brazil	MG	1987	Dog	16773238	Curation is part of the VGTK project, Curator: VGTK rabies team, SBOHVM and MRC-University of Glasgow Centre for Virus Research 
AB110659	Brazil	SP	1989	Dog	16773238	Curation is part of the VGTK project, Curator: VGTK rabies team, SBOHVM and MRC-University of Glasgow Centre for Virus Research 
AB247410	Brazil	Goiânia	1999	Dog	16773238	Curation is part of the VGTK project, Curator: VGTK rabies team, SBOHVM and MRC-University of Glasgow Centre for Virus Research 
AB110660	Brazil	Bela Vista de Goiânia	1999	Horse	16773238	Curation is part of the VGTK project, Curator: VGTK rabies team, SBOHVM and MRC-University of Glasgow Centre for Virus Research 
AB247438	Brazil	Goiânia	1999	Human	16773238	Curation is part of the VGTK project, Curator: VGTK rabies team, SBOHVM and MRC-University of Glasgow Centre for Virus Research 
AB110661	Brazil	Nova Aurora	1998	Pig	16773238	Curation is part of the VGTK project, Curator: VGTK rabies team, SBOHVM and MRC-University of Glasgow Centre for Virus Research 
AB110662	Brazil	Ipora	1998	Horse	16773238	Curation is part of the VGTK project, Curator: VGTK rabies team, SBOHVM and MRC-University of Glasgow Centre for Virus Research 
AB110663	Brazil	Sao Roque	1994	Cattle	16773238	Curation is part of the VGTK project, Curator: VGTK rabies team, SBOHVM and MRC-University of Glasgow Centre for Virus Research 
AB110664	Brazil	Taubate	-	Desmodus rotundus	16773238	Curation is part of the VGTK project, Curator: VGTK rabies team, SBOHVM and MRC-University of Glasgow Centre for Virus Research 
AB110665	Brazil	Apiai	1992	Sheep	16773238	Curation is part of the VGTK project, Curator: VGTK rabies team, SBOHVM and MRC-University of Glasgow Centre for Virus Research 
AB247393	Brazil	-	1999	Cattle	16773238	Curation is part of the VGTK project, Curator: VGTK rabies team, SBOHVM and MRC-University of Glasgow Centre for Virus Research 
AB110666	Brazil	Colinas do Tocantins	1999	Cattle	16773238	Curation is part of the VGTK project, Curator: VGTK rabies team, SBOHVM and MRC-University of Glasgow Centre for Virus Research 
AB247442	Brazil	-	-	Desmodus rotundus	16773238	Curation is part of the VGTK project, Curator: VGTK rabies team, SBOHVM and MRC-University of Glasgow Centre for Virus Research 
AB247394	Brazil	Alto Taquari	1999	Cattle	16773238	Curation is part of the VGTK project, Curator: VGTK rabies team, SBOHVM and MRC-University of Glasgow Centre for Virus Research 
AB110667	Brazil	Caceres	1999	Cattle	16773238	Curation is part of the VGTK project, Curator: VGTK rabies team, SBOHVM and MRC-University of Glasgow Centre for Virus Research 
AB247443	Brazil	-	-	Desmodus rotundus	16773238	Curation is part of the VGTK project, Curator: VGTK rabies team, SBOHVM and MRC-University of Glasgow Centre for Virus Research 
AB110668	Brazil	Piraju	1989	Cattle	16773238	Curation is part of the VGTK project, Curator: VGTK rabies team, SBOHVM and MRC-University of Glasgow Centre for Virus Research 
AB110669	Brazil	Corumbaiba	1999	Cattle	16773238	Curation is part of the VGTK project, Curator: VGTK rabies team, SBOHVM and MRC-University of Glasgow Centre for Virus Research 
AB247395	Brazil	Montes Altos	1998	Cattle	16773238	Curation is part of the VGTK project, Curator: VGTK rabies team, SBOHVM and MRC-University of Glasgow Centre for Virus Research 
AB247406	Brazil	Xinguara	2002	Cattle	16773238	Curation is part of the VGTK project, Curator: VGTK rabies team, SBOHVM and MRC-University of Glasgow Centre for Virus Research 
AB247407	Brazil	Santa Fe do Araguaia	2001	Cattle	16773238	Curation is part of the VGTK project, Curator: VGTK rabies team, SBOHVM and MRC-University of Glasgow Centre for Virus Research 
AB247380	Brazil	Piraque	2000	Cattle	16773238	Curation is part of the VGTK project, Curator: VGTK rabies team, SBOHVM and MRC-University of Glasgow Centre for Virus Research 
AB247381	Brazil	Goiânia	2000	Cattle	16773238	Curation is part of the VGTK project, Curator: VGTK rabies team, SBOHVM and MRC-University of Glasgow Centre for Virus Research 
AB247382	Brazil	Araguaina	2000	Cattle	16773238	Curation is part of the VGTK project, Curator: VGTK rabies team, SBOHVM and MRC-University of Glasgow Centre for Virus Research 
AB247383	Brazil	Mundo Novo	2000	Cattle	16773238	Curation is part of the VGTK project, Curator: VGTK rabies team, SBOHVM and MRC-University of Glasgow Centre for Virus Research 
AB247384	Brazil	Monte Alegre de Goias	2000	Cattle	16773238	Curation is part of the VGTK project, Curator: VGTK rabies team, SBOHVM and MRC-University of Glasgow Centre for Virus Research 
AB247385	Brazil	Araguaina	2001	Cattle	16773238	Curation is part of the VGTK project, Curator: VGTK rabies team, SBOHVM and MRC-University of Glasgow Centre for Virus Research 
AB247430	Brazil	Patos	2002	Fox	16773238	Curation is part of the VGTK project, Curator: VGTK rabies team, SBOHVM and MRC-University of Glasgow Centre for Virus Research 
AB247431	Brazil	Patos	2000	Fox	16773238	Curation is part of the VGTK project, Curator: VGTK rabies team, SBOHVM and MRC-University of Glasgow Centre for Virus Research 
AB247432	Brazil	Patos	2001	Fox	16773238	Curation is part of the VGTK project, Curator: VGTK rabies team, SBOHVM and MRC-University of Glasgow Centre for Virus Research 
AB247433	Brazil	Patos	2002	Fox	16773238	Curation is part of the VGTK project, Curator: VGTK rabies team, SBOHVM and MRC-University of Glasgow Centre for Virus Research 
AB247434	Brazil	Patos	2002	Fox	16773238	Curation is part of the VGTK project, Curator: VGTK rabies team, SBOHVM and MRC-University of Glasgow Centre for Virus Research 
AB247435	Brazil	Patos	2002	Fox	16773238	Curation is part of the VGTK project, Curator: VGTK rabies team, SBOHVM and MRC-University of Glasgow Centre for Virus Research 
AB247436	Brazil	Patos	2002	Fox	16773238	Curation is part of the VGTK project, Curator: VGTK rabies team, SBOHVM and MRC-University of Glasgow Centre for Virus Research 
AB247437	Brazil	Patos	2002	Fox	16773238	Curation is part of the VGTK project, Curator: VGTK rabies team, SBOHVM and MRC-University of Glasgow Centre for Virus Research 
AB247386	Brazil	Patos	2003	Cattle	16773238	Curation is part of the VGTK project, Curator: VGTK rabies team, SBOHVM and MRC-University of Glasgow Centre for Virus Research 
AB247387	Brazil	Patos	2003	Cattle	16773238	Curation is part of the VGTK project, Curator: VGTK rabies team, SBOHVM and MRC-University of Glasgow Centre for Virus Research 
AB247388	Brazil	Patos	2003	Cattle	16773238	Curation is part of the VGTK project, Curator: VGTK rabies team, SBOHVM and MRC-University of Glasgow Centre for Virus Research 
AB247389	Brazil	Patos	-	Cattle	16773238	Curation is part of the VGTK project, Curator: VGTK rabies team, SBOHVM and MRC-University of Glasgow Centre for Virus Research 
AB247412	Brazil	Rio de Janeiro	1985	Dog	16773238	Curation is part of the VGTK project, Curator: VGTK rabies team, SBOHVM and MRC-University of Glasgow Centre for Virus Research 
AB247413	Brazil	Bacabal	-	Dog	16773238	Curation is part of the VGTK project, Curator: VGTK rabies team, SBOHVM and MRC-University of Glasgow Centre for Virus Research 
AB247414	Brazil	Miranda do Norte	2003	Dog	16773238	Curation is part of the VGTK project, Curator: VGTK rabies team, SBOHVM and MRC-University of Glasgow Centre for Virus Research 
AB247390	Brazil	Presidente Dutra	2004	Cattle	16773238	Curation is part of the VGTK project, Curator: VGTK rabies team, SBOHVM and MRC-University of Glasgow Centre for Virus Research 
AB247391	Brazil	Itapecuru	2004	Cattle	16773238	Curation is part of the VGTK project, Curator: VGTK rabies team, SBOHVM and MRC-University of Glasgow Centre for Virus Research 
AB247415	Brazil	Santa Ines	2003	Dog	16773238	Curation is part of the VGTK project, Curator: VGTK rabies team, SBOHVM and MRC-University of Glasgow Centre for Virus Research 
AB247439	Brazil	Lago da Pedra	2004	Human	16773238	Curation is part of the VGTK project, Curator: VGTK rabies team, SBOHVM and MRC-University of Glasgow Centre for Virus Research 
AB247448	Brazil	Lago da Pedra	2004	Human	16773238	Curation is part of the VGTK project, Curator: VGTK rabies team, SBOHVM and MRC-University of Glasgow Centre for Virus Research 
AB247392	Brazil	Senador Alexandre Costa	2004	Cattle	16773238	Curation is part of the VGTK project, Curator: VGTK rabies team, SBOHVM and MRC-University of Glasgow Centre for Virus Research 
AB247416	Brazil	Coroata	2003	Dog	16773238	Curation is part of the VGTK project, Curator: VGTK rabies team, SBOHVM and MRC-University of Glasgow Centre for Virus Research 
AB247441	Brazil	Paco do Lumiar	2004	Sheep	16773238	Curation is part of the VGTK project, Curator: VGTK rabies team, SBOHVM and MRC-University of Glasgow Centre for Virus Research 
AB247408	Brazil	Goncarves Dias	2003	Cat	16773238	Curation is part of the VGTK project, Curator: VGTK rabies team, SBOHVM and MRC-University of Glasgow Centre for Virus Research 
AB247417	Brazil	Capinzal do Norte	-	Dog	16773238	Curation is part of the VGTK project, Curator: VGTK rabies team, SBOHVM and MRC-University of Glasgow Centre for Virus Research 
AB247418	Brazil	Barra do Corda	2003	Dog	16773238	Curation is part of the VGTK project, Curator: VGTK rabies team, SBOHVM and MRC-University of Glasgow Centre for Virus Research 
AB247396	Brazil	Nova Olinda	2000	Cattle	16773238	Curation is part of the VGTK project, Curator: VGTK rabies team, SBOHVM and MRC-University of Glasgow Centre for Virus Research 
AB247444	Brazil	Imperatriz	2004	Cattle	16773238	Curation is part of the VGTK project, Curator: VGTK rabies team, SBOHVM and MRC-University of Glasgow Centre for Virus Research 
AB247397	Brazil	Presidente Dutra	2004	Cattle	16773238	Curation is part of the VGTK project, Curator: VGTK rabies team, SBOHVM and MRC-University of Glasgow Centre for Virus Research 
AB247398	Brazil	Capinzal do Norte	2004	Cattle	16773238	Curation is part of the VGTK project, Curator: VGTK rabies team, SBOHVM and MRC-University of Glasgow Centre for Virus Research 
AB247399	Brazil	Viana	2004	Cattle	16773238	Curation is part of the VGTK project, Curator: VGTK rabies team, SBOHVM and MRC-University of Glasgow Centre for Virus Research 
AB247400	Brazil	Pocos de Caldas	2004	Cattle	16773238	Curation is part of the VGTK project, Curator: VGTK rabies team, SBOHVM and MRC-University of Glasgow Centre for Virus Research 
AB247401	Brazil	Senador Alexandre Costa	2005	Cattle	16773238	Curation is part of the VGTK project, Curator: VGTK rabies team, SBOHVM and MRC-University of Glasgow Centre for Virus Research 
AB247402	Brazil	Codo	2005	Cattle	16773238	Curation is part of the VGTK project, Curator: VGTK rabies team, SBOHVM and MRC-University of Glasgow Centre for Virus Research 
AB247445	Brazil	Sao Vicente Ferrer	2005	Dog	16773238	Curation is part of the VGTK project, Curator: VGTK rabies team, SBOHVM and MRC-University of Glasgow Centre for Virus Research 
AB247403	Brazil	Fortuna	2005	Cattle	16773238	Curation is part of the VGTK project, Curator: VGTK rabies team, SBOHVM and MRC-University of Glasgow Centre for Virus Research 
AB247446	Brazil	Viana	2005	Dog	16773238	Curation is part of the VGTK project, Curator: VGTK rabies team, SBOHVM and MRC-University of Glasgow Centre for Virus Research 
AB247447	Brazil	Pindare Mirim	2005	Dog	16773238	Curation is part of the VGTK project, Curator: VGTK rabies team, SBOHVM and MRC-University of Glasgow Centre for Virus Research 
AB247419	Brazil	Sao Joao Batista	2005	Dog	16773238	Curation is part of the VGTK project, Curator: VGTK rabies team, SBOHVM and MRC-University of Glasgow Centre for Virus Research 
AB247451	Brazil	Sao Joao Batista	2005	Pig	16773238	Curation is part of the VGTK project, Curator: VGTK rabies team, SBOHVM and MRC-University of Glasgow Centre for Virus Research 
AB247420	Brazil	Moncao	2005	Dog	16773238	Curation is part of the VGTK project, Curator: VGTK rabies team, SBOHVM and MRC-University of Glasgow Centre for Virus Research 
AB247404	Brazil	Godofredo Viana	2005	Cattle	16773238	Curation is part of the VGTK project, Curator: VGTK rabies team, SBOHVM and MRC-University of Glasgow Centre for Virus Research 
AB247440	Brazil	Godofredo Viana	2005	Human	16773238	Curation is part of the VGTK project, Curator: VGTK rabies team, SBOHVM and MRC-University of Glasgow Centre for Virus Research 
AB247405	Brazil	Luis Domingues	2005	Cattle	16773238	Curation is part of the VGTK project, Curator: VGTK rabies team, SBOHVM and MRC-University of Glasgow Centre for Virus Research 
AB247450	Brazil	Carutapera	2005	Human	16773238	Curation is part of the VGTK project, Curator: VGTK rabies team, SBOHVM and MRC-University of Glasgow Centre for Virus Research 
AB247379	Brazil	Carutapera	2005	BAT	16773238	Curation is part of the VGTK project, Curator: VGTK rabies team, SBOHVM and MRC-University of Glasgow Centre for Virus Research 
AB247421	Brazil	Lindoia	2000	Desmodus rotundus	16773238	Curation is part of the VGTK project, Curator: VGTK rabies team, SBOHVM and MRC-University of Glasgow Centre for Virus Research 
AB247422	Brazil	Lindoia	2000	Desmodus rotundus	16773238	Curation is part of the VGTK project, Curator: VGTK rabies team, SBOHVM and MRC-University of Glasgow Centre for Virus Research 
AB247423	Brazil	Sao Jos do Barreiro	2001	Desmodus rotundus	16773238	Curation is part of the VGTK project, Curator: VGTK rabies team, SBOHVM and MRC-University of Glasgow Centre for Virus Research 
AB247424	Brazil	Taubate	1995	Desmodus rotundus	16773238	Curation is part of the VGTK project, Curator: VGTK rabies team, SBOHVM and MRC-University of Glasgow Centre for Virus Research 
AB247425	Brazil	Varewca	2002	Desmodus rotundus	16773238	Curation is part of the VGTK project, Curator: VGTK rabies team, SBOHVM and MRC-University of Glasgow Centre for Virus Research 
AB247426	Brazil	Laje de Muriae	1998	Desmodus rotundus	16773238	Curation is part of the VGTK project, Curator: VGTK rabies team, SBOHVM and MRC-University of Glasgow Centre for Virus Research 
AB247427	Brazil	Itaperuna	1997	Desmodus rotundus	16773238	Curation is part of the VGTK project, Curator: VGTK rabies team, SBOHVM and MRC-University of Glasgow Centre for Virus Research 
AB247428	Brazil	Tambau	2003	Desmodus rotundus	16773238	Curation is part of the VGTK project, Curator: VGTK rabies team, SBOHVM and MRC-University of Glasgow Centre for Virus Research 
AB247429	Brazil	Guarulhos	2000	Desmodus rotundus	16773238	Curation is part of the VGTK project, Curator: VGTK rabies team, SBOHVM and MRC-University of Glasgow Centre for Virus Research 
AY352455	Russia	Altai	-	red fox	-	Curation is part of the VGTK project, Curator: VGTK rabies team, SBOHVM and MRC-University of Glasgow Centre for Virus Research 
DQ462431	Russia	Not stated	2005	Eurasian lynx	-	Curation is part of the VGTK project, Curator: VGTK rabies team, SBOHVM and MRC-University of Glasgow Centre for Virus Research 
DQ462432	Russia	Bashkiria	2005	cattle	-	Curation is part of the VGTK project, Curator: VGTK rabies team, SBOHVM and MRC-University of Glasgow Centre for Virus Research 
DQ462433	Russia	Bashkiria	2005	cat	-	Curation is part of the VGTK project, Curator: VGTK rabies team, SBOHVM and MRC-University of Glasgow Centre for Virus Research 
DQ462434	Russia	Bashkiria	2005	dog	-	Curation is part of the VGTK project, Curator: VGTK rabies team, SBOHVM and MRC-University of Glasgow Centre for Virus Research 
DQ462436	Russia	Bashkiria	2005	red fox	-	Curation is part of the VGTK project, Curator: VGTK rabies team, SBOHVM and MRC-University of Glasgow Centre for Virus Research 
AY705417	Russia	Belgorod	2002	red fox	-	Curation is part of the VGTK project, Curator: VGTK rabies team, SBOHVM and MRC-University of Glasgow Centre for Virus Research 
AY705419	Russia	Belgorod	2002	dog	-	Curation is part of the VGTK project, Curator: VGTK rabies team, SBOHVM and MRC-University of Glasgow Centre for Virus Research 
AY705420	Russia	Belgorod	2002	pig	-	Curation is part of the VGTK project, Curator: VGTK rabies team, SBOHVM and MRC-University of Glasgow Centre for Virus Research 
DQ462428	Russia	Bryansk	2005	dog	-	Curation is part of the VGTK project, Curator: VGTK rabies team, SBOHVM and MRC-University of Glasgow Centre for Virus Research 
DQ462429	Russia	Bryansk	2005	red fox	-	Curation is part of the VGTK project, Curator: VGTK rabies team, SBOHVM and MRC-University of Glasgow Centre for Virus Research 
AY352457	Russia	Bryansk	-	red fox	-	Curation is part of the VGTK project, Curator: VGTK rabies team, SBOHVM and MRC-University of Glasgow Centre for Virus Research 
AY352458	Russia	Chabarovsk	-	raccoon dog	-	Curation is part of the VGTK project, Curator: VGTK rabies team, SBOHVM and MRC-University of Glasgow Centre for Virus Research 
AY352460	Russia	Chita	-	steppe fox	-	Curation is part of the VGTK project, Curator: VGTK rabies team, SBOHVM and MRC-University of Glasgow Centre for Virus Research 
DQ462422	Russia	Krasnodar	2005	red fox	-	Curation is part of the VGTK project, Curator: VGTK rabies team, SBOHVM and MRC-University of Glasgow Centre for Virus Research 
DQ462423	Russia	Krasnodar	2005	cattle	-	Curation is part of the VGTK project, Curator: VGTK rabies team, SBOHVM and MRC-University of Glasgow Centre for Virus Research 
DQ462424	Russia	Krasnodar	2005	dog	-	Curation is part of the VGTK project, Curator: VGTK rabies team, SBOHVM and MRC-University of Glasgow Centre for Virus Research 
DQ462426	Russia	Krasnodar	2005	dog	-	Curation is part of the VGTK project, Curator: VGTK rabies team, SBOHVM and MRC-University of Glasgow Centre for Virus Research 
DQ462427	Russia	Krasnodar	2005	red fox	-	Curation is part of the VGTK project, Curator: VGTK rabies team, SBOHVM and MRC-University of Glasgow Centre for Virus Research 
AY352461	Russia	Krasnodar	-	red fox	-	Curation is part of the VGTK project, Curator: VGTK rabies team, SBOHVM and MRC-University of Glasgow Centre for Virus Research 
AY352462	Russia	Krasnoyarsk	-	human	-	Curation is part of the VGTK project, Curator: VGTK rabies team, SBOHVM and MRC-University of Glasgow Centre for Virus Research 
DQ462437	Russia	Leningrad	1990	red fox	-	Curation is part of the VGTK project, Curator: VGTK rabies team, SBOHVM and MRC-University of Glasgow Centre for Virus Research 
DQ462430	Russia	Leningrad	2005	red fox	-	Curation is part of the VGTK project, Curator: VGTK rabies team, SBOHVM and MRC-University of Glasgow Centre for Virus Research 
DQ462435	Russia	Moscow	2005	red fox	-	Curation is part of the VGTK project, Curator: VGTK rabies team, SBOHVM and MRC-University of Glasgow Centre for Virus Research 
AY705416	Russia	Moscow	2005	red fox	-	Curation is part of the VGTK project, Curator: VGTK rabies team, SBOHVM and MRC-University of Glasgow Centre for Virus Research 
AY705422	Russia	N. Novgorod	2002	red fox	-	Curation is part of the VGTK project, Curator: VGTK rabies team, SBOHVM and MRC-University of Glasgow Centre for Virus Research 
AY705425	Russia	N. Novgorod	2003	dog	-	Curation is part of the VGTK project, Curator: VGTK rabies team, SBOHVM and MRC-University of Glasgow Centre for Virus Research 
AY705423	Russia	Novosibirsk	2003	red fox	-	Curation is part of the VGTK project, Curator: VGTK rabies team, SBOHVM and MRC-University of Glasgow Centre for Virus Research 
AY352470	Russia	Omsk	-	red fox	-	Curation is part of the VGTK project, Curator: VGTK rabies team, SBOHVM and MRC-University of Glasgow Centre for Virus Research 
AY352467	Russia	Omsk	-	red fox	-	Curation is part of the VGTK project, Curator: VGTK rabies team, SBOHVM and MRC-University of Glasgow Centre for Virus Research 
AY705412	Russia	Penza	2002	red fox	-	Curation is part of the VGTK project, Curator: VGTK rabies team, SBOHVM and MRC-University of Glasgow Centre for Virus Research 
AY705418	Russia	Pskov	2002	raccoon dog	-	Curation is part of the VGTK project, Curator: VGTK rabies team, SBOHVM and MRC-University of Glasgow Centre for Virus Research 
AY705424	Russia	Pskov	2002	red fox	-	Curation is part of the VGTK project, Curator: VGTK rabies team, SBOHVM and MRC-University of Glasgow Centre for Virus Research 
AY352474	Russia	Pskov	-	red fox	-	Curation is part of the VGTK project, Curator: VGTK rabies team, SBOHVM and MRC-University of Glasgow Centre for Virus Research 
AY352475	Russia	Pskov	-	human	-	Curation is part of the VGTK project, Curator: VGTK rabies team, SBOHVM and MRC-University of Glasgow Centre for Virus Research 
EF095203	Russia	Ryazan	2002	cattle	-	Curation is part of the VGTK project, Curator: VGTK rabies team, SBOHVM and MRC-University of Glasgow Centre for Virus Research 
AY352476	Russia	Tula	-	dog	-	Curation is part of the VGTK project, Curator: VGTK rabies team, SBOHVM and MRC-University of Glasgow Centre for Virus Research 
AY352483	Russia	Tuva	-	wolf	-	Curation is part of the VGTK project, Curator: VGTK rabies team, SBOHVM and MRC-University of Glasgow Centre for Virus Research 
AY352481	Russia	Tuva	-	dog	-	Curation is part of the VGTK project, Curator: VGTK rabies team, SBOHVM and MRC-University of Glasgow Centre for Virus Research 
AY352480	Russia	Tuva	-	rodent	-	Curation is part of the VGTK project, Curator: VGTK rabies team, SBOHVM and MRC-University of Glasgow Centre for Virus Research 
AY705426	Russia	Tver	2002	wolf	-	Curation is part of the VGTK project, Curator: VGTK rabies team, SBOHVM and MRC-University of Glasgow Centre for Virus Research 
AY705427	Russia	Tver	2002	raccoon dog	-	Curation is part of the VGTK project, Curator: VGTK rabies team, SBOHVM and MRC-University of Glasgow Centre for Virus Research 
AY705428	Russia	Tver	2002	raccoon dog	-	Curation is part of the VGTK project, Curator: VGTK rabies team, SBOHVM and MRC-University of Glasgow Centre for Virus Research 
AY705431	Russia	Tver	2002	red fox	-	Curation is part of the VGTK project, Curator: VGTK rabies team, SBOHVM and MRC-University of Glasgow Centre for Virus Research 
AY705413	Russia	Vladimir	2002	wolf	-	Curation is part of the VGTK project, Curator: VGTK rabies team, SBOHVM and MRC-University of Glasgow Centre for Virus Research 
AY705414	Russia	Vladimir	2002	raccoon dog	-	Curation is part of the VGTK project, Curator: VGTK rabies team, SBOHVM and MRC-University of Glasgow Centre for Virus Research 
AY705421	Russia	Vladimir	2001	red fox	-	Curation is part of the VGTK project, Curator: VGTK rabies team, SBOHVM and MRC-University of Glasgow Centre for Virus Research 
DQ462425	Russia	Vladimir	2005	red fox	-	Curation is part of the VGTK project, Curator: VGTK rabies team, SBOHVM and MRC-University of Glasgow Centre for Virus Research 
AY352484	Russia	Volgograd	-	red fox	-	Curation is part of the VGTK project, Curator: VGTK rabies team, SBOHVM and MRC-University of Glasgow Centre for Virus Research 
AY705407	Russia	Voronezh	2002	red fox	-	Curation is part of the VGTK project, Curator: VGTK rabies team, SBOHVM and MRC-University of Glasgow Centre for Virus Research 
AY705410	Estonia	Not stated	1989	red fox	-	Curation is part of the VGTK project, Curator: VGTK rabies team, SBOHVM and MRC-University of Glasgow Centre for Virus Research 
AY705411	Estonia	Not stated	1989	red fox	-	Curation is part of the VGTK project, Curator: VGTK rabies team, SBOHVM and MRC-University of Glasgow Centre for Virus Research 
AY705429	Estonia	Not stated	1990	red fox	-	Curation is part of the VGTK project, Curator: VGTK rabies team, SBOHVM and MRC-University of Glasgow Centre for Virus Research 
U43432	Estonia	Not stated	-	raccoon dog	-	Curation is part of the VGTK project, Curator: VGTK rabies team, SBOHVM and MRC-University of Glasgow Centre for Virus Research 
AY705409	Finland	Not stated	1988	raccoon dog	-	Curation is part of the VGTK project, Curator: VGTK rabies team, SBOHVM and MRC-University of Glasgow Centre for Virus Research 
AY705408	Finland	Not stated	1988	red fox	-	Curation is part of the VGTK project, Curator: VGTK rabies team, SBOHVM and MRC-University of Glasgow Centre for Virus Research 
DQ269940	Finland	Not stated	1989	cattle	-	Curation is part of the VGTK project, Curator: VGTK rabies team, SBOHVM and MRC-University of Glasgow Centre for Virus Research 
AY705415	Finland	Not stated	2003	horse	-	Curation is part of the VGTK project, Curator: VGTK rabies team, SBOHVM and MRC-University of Glasgow Centre for Virus Research 
U42700	France	Not stated	-	red fox	-	Curation is part of the VGTK project, Curator: VGTK rabies team, SBOHVM and MRC-University of Glasgow Centre for Virus Research 
U42605	France	Not stated	-	red fox	-	Curation is part of the VGTK project, Curator: VGTK rabies team, SBOHVM and MRC-University of Glasgow Centre for Virus Research 
U42606	France	Not stated	-	red fox	-	Curation is part of the VGTK project, Curator: VGTK rabies team, SBOHVM and MRC-University of Glasgow Centre for Virus Research 
U42702	Germany	Not stated	-	red fox	-	Curation is part of the VGTK project, Curator: VGTK rabies team, SBOHVM and MRC-University of Glasgow Centre for Virus Research 
AY352497	Georgia	Not stated	-	human	-	Curation is part of the VGTK project, Curator: VGTK rabies team, SBOHVM and MRC-University of Glasgow Centre for Virus Research 
AY854581	Iran	Not stated	-	cow	-	Curation is part of the VGTK project, Curator: VGTK rabies team, SBOHVM and MRC-University of Glasgow Centre for Virus Research 
AY854583	Iran	Not stated	-	sheep	-	Curation is part of the VGTK project, Curator: VGTK rabies team, SBOHVM and MRC-University of Glasgow Centre for Virus Research 
AY352490	Kazakhstan	Not stated	-	sheep	-	Curation is part of the VGTK project, Curator: VGTK rabies team, SBOHVM and MRC-University of Glasgow Centre for Virus Research 
AY352489	Kazakhstan	Not stated	-	red fox	-	Curation is part of the VGTK project, Curator: VGTK rabies team, SBOHVM and MRC-University of Glasgow Centre for Virus Research 
U42706	Yugoslavia	Not stated	-	red fox	-	Curation is part of the VGTK project, Curator: VGTK rabies team, SBOHVM and MRC-University of Glasgow Centre for Virus Research 
AF394888	USA	Colorado	-	big brown bat	-	Curation is part of the VGTK project, Curator: VGTK rabies team, SBOHVM and MRC-University of Glasgow Centre for Virus Research 
MF574200	Russia	Nizhny Novgorod	-	red fox	-	Curation is part of the VGTK project, Curator: VGTK rabies team, SBOHVM and MRC-University of Glasgow Centre for Virus Research 
MF574199	Russia	Nizhny Novgorod	-	red fox	-	Curation is part of the VGTK project, Curator: VGTK rabies team, SBOHVM and MRC-University of Glasgow Centre for Virus Research 
MF574198	Russia	Nizhny Novgorod	-	red fox	-	Curation is part of the VGTK project, Curator: VGTK rabies team, SBOHVM and MRC-University of Glasgow Centre for Virus Research 
MF574197	Russia	Kostroma	-	red fox	-	Curation is part of the VGTK project, Curator: VGTK rabies team, SBOHVM and MRC-University of Glasgow Centre for Virus Research 
MF574196	Russia	Vladimir	-	red fox	-	Curation is part of the VGTK project, Curator: VGTK rabies team, SBOHVM and MRC-University of Glasgow Centre for Virus Research 
MF574193	Russia	Vladimir	-	red fox	-	Curation is part of the VGTK project, Curator: VGTK rabies team, SBOHVM and MRC-University of Glasgow Centre for Virus Research 
MF574192	Russia	Vladimir	-	red fox	-	Curation is part of the VGTK project, Curator: VGTK rabies team, SBOHVM and MRC-University of Glasgow Centre for Virus Research 
MF574189	Russia	Nizhny Novgorod	-	red fox	-	Curation is part of the VGTK project, Curator: VGTK rabies team, SBOHVM and MRC-University of Glasgow Centre for Virus Research 
MF574188	Russia	Nizhny Novgorod	-	red fox	-	Curation is part of the VGTK project, Curator: VGTK rabies team, SBOHVM and MRC-University of Glasgow Centre for Virus Research 
MF574186	Russia	Nizhny Novgorod	-	red fox	-	Curation is part of the VGTK project, Curator: VGTK rabies team, SBOHVM and MRC-University of Glasgow Centre for Virus Research 
MF574185	Russia	Moskow	-	red fox	-	Curation is part of the VGTK project, Curator: VGTK rabies team, SBOHVM and MRC-University of Glasgow Centre for Virus Research 
MF574184	Russia	Samara	-	red fox	-	Curation is part of the VGTK project, Curator: VGTK rabies team, SBOHVM and MRC-University of Glasgow Centre for Virus Research 
MF574183	Russia	Nizhny Novgorod	-	red fox	-	Curation is part of the VGTK project, Curator: VGTK rabies team, SBOHVM and MRC-University of Glasgow Centre for Virus Research 
AF369291	USA (TX)		1994	Skunk	-	Curation is part of the VGTK project, Curator: VGTK rabies team, SBOHVM and MRC-University of Glasgow Centre for Virus Research 
AF369290	USA (TX)		1994	Skunk	-	Curation is part of the VGTK project, Curator: VGTK rabies team, SBOHVM and MRC-University of Glasgow Centre for Virus Research 
AF369288	USA (TX)		1994	Skunk	-	Curation is part of the VGTK project, Curator: VGTK rabies team, SBOHVM and MRC-University of Glasgow Centre for Virus Research 
AF369287	USA (TX)		1994	Skunk	-	Curation is part of the VGTK project, Curator: VGTK rabies team, SBOHVM and MRC-University of Glasgow Centre for Virus Research 
AF369368	Trinidad		1995	Bovine	-	Curation is part of the VGTK project, Curator: VGTK rabies team, SBOHVM and MRC-University of Glasgow Centre for Virus Research 
AF369367	Trinidad		1995	Bovine	-	Curation is part of the VGTK project, Curator: VGTK rabies team, SBOHVM and MRC-University of Glasgow Centre for Virus Research 
AF369366	Mexico		1991	Bovine	-	Curation is part of the VGTK project, Curator: VGTK rabies team, SBOHVM and MRC-University of Glasgow Centre for Virus Research 
AF369365	Brazil		1993	Bovine	-	Curation is part of the VGTK project, Curator: VGTK rabies team, SBOHVM and MRC-University of Glasgow Centre for Virus Research 
AF369364	Paraguay		1994	Bovine	-	Curation is part of the VGTK project, Curator: VGTK rabies team, SBOHVM and MRC-University of Glasgow Centre for Virus Research 
AF369363	Paraguay		1994	Bovine	-	Curation is part of the VGTK project, Curator: VGTK rabies team, SBOHVM and MRC-University of Glasgow Centre for Virus Research 
AF369362	Mexico		1994	Bovine	-	Curation is part of the VGTK project, Curator: VGTK rabies team, SBOHVM and MRC-University of Glasgow Centre for Virus Research 
AF369361	Argentina		1985	Insectivorous bat	-	Curation is part of the VGTK project, Curator: VGTK rabies team, SBOHVM and MRC-University of Glasgow Centre for Virus Research 
AF369360	Chile		1988	Insectivorous bat	-	Curation is part of the VGTK project, Curator: VGTK rabies team, SBOHVM and MRC-University of Glasgow Centre for Virus Research 
